#usda 1.0

over "constant"
{
    over "Geom"
    {
        over "Basis_L"
        {
            over "Basis_L_0"
            {
                color3f[] primvars:displayColor = [(0.30995828, 0.37889907, 0.31114265)] (
                    elementSize = 1
                    interpolation = "constant"
                )
            }

            over "Basis_L_1"
            {
                color3f[] primvars:displayColor = [(0.59824073, 0.3180228, 0.08373648)] (
                    elementSize = 1
                    interpolation = "constant"
                )
            }

            over "Basis_L_2"
            {
                color3f[] primvars:displayColor = [(0.18655933, 0.27191833, 0.5415223)] (
                    elementSize = 1
                    interpolation = "constant"
                )
            }

            over "Basis_L_3"
            {
                color3f[] primvars:displayColor = [(0.068806835, 0.5364755, 0.39471766)] (
                    elementSize = 1
                    interpolation = "constant"
                )
            }

            over "Basis_L_4"
            {
                color3f[] primvars:displayColor = [(0.60562944, 0.36885503, 0.025515553)] (
                    elementSize = 1
                    interpolation = "constant"
                )
            }

            over "Basis_L_5"
            {
                color3f[] primvars:displayColor = [(0.115517534, 0.49463984, 0.38984263)] (
                    elementSize = 1
                    interpolation = "constant"
                )
            }

            over "Basis_L_6"
            {
                color3f[] primvars:displayColor = [(0.32870835, 0.19879068, 0.47250095)] (
                    elementSize = 1
                    interpolation = "constant"
                )
            }

            over "Basis_L_7"
            {
                color3f[] primvars:displayColor = [(0.49103603, 0.10758603, 0.40137795)] (
                    elementSize = 1
                    interpolation = "constant"
                )
            }
        }

        over "Basis_R"
        {
            over "Basis_R_0"
            {
                color3f[] primvars:displayColor = [(0.13669509, 0.49464014, 0.36866474)] (
                    elementSize = 1
                    interpolation = "constant"
                )
            }

            over "Basis_R_1"
            {
                color3f[] primvars:displayColor = [(0.2458048, 0.26491374, 0.48928145)] (
                    elementSize = 1
                    interpolation = "constant"
                )
            }

            over "Basis_R_2"
            {
                color3f[] primvars:displayColor = [(0.30072105, 0.5235996, 0.17567934)] (
                    elementSize = 1
                    interpolation = "constant"
                )
            }

            over "Basis_R_3"
            {
                color3f[] primvars:displayColor = [(0.41013175, 0.02977391, 0.56009436)] (
                    elementSize = 1
                    interpolation = "constant"
                )
            }

            over "Basis_R_4"
            {
                color3f[] primvars:displayColor = [(0.1893319, 0.7929214, 0.017746646)] (
                    elementSize = 1
                    interpolation = "constant"
                )
            }

            over "Basis_R_5"
            {
                color3f[] primvars:displayColor = [(0.04672354, 0.90749204, 0.045784403)] (
                    elementSize = 1
                    interpolation = "constant"
                )
            }

            over "Basis_R_6"
            {
                color3f[] primvars:displayColor = [(0.056062754, 0.36461753, 0.5793197)] (
                    elementSize = 1
                    interpolation = "constant"
                )
            }

            over "Basis_R_7"
            {
                color3f[] primvars:displayColor = [(0.722899, 0.14513978, 0.13196118)] (
                    elementSize = 1
                    interpolation = "constant"
                )
            }
        }

        over "Ground"
        {
            color3f[] primvars:displayColor = [(0.7389874, 0.1330131, 0.12799953)] (
                elementSize = 1
                interpolation = "constant"
            )
        }

        over "Volume"
        {
            color3f[] primvars:displayColor = [(0.25419, 0.4010709, 0.3447391)] (
                elementSize = 1
                interpolation = "constant"
            )
        }

        over "TopBackLeft"
        {
            color3f[] primvars:displayColor = [(0.009847495, 0.063779555, 0.92637295)] (
                elementSize = 1
                interpolation = "constant"
            )
        }

        over "TopFrontLeft"
        {
            color3f[] primvars:displayColor = [(0.12500374, 0.026737288, 0.848259)] (
                elementSize = 1
                interpolation = "constant"
            )
        }

        over "TopBackRight"
        {
            color3f[] primvars:displayColor = [(0.3819771, 0.35661826, 0.26140463)] (
                elementSize = 1
                interpolation = "constant"
            )
        }

        over "TopFrontRight"
        {
            color3f[] primvars:displayColor = [(0.53097415, 0.29118592, 0.17783993)] (
                elementSize = 1
                interpolation = "constant"
            )
        }
    }
}

over "random_uniform"
{
    over "Geom"
    {
        over "Basis_L"
        {
            over "Basis_L_0"
            {
                color3f[] primvars:displayColor = [(0.14149562, 0.7544109, 0.104093485)] (
                    elementSize = 1
                    interpolation = "uniform"
                )
            }

            over "Basis_L_1"
            {
                color3f[] primvars:displayColor = [(0.37029392, 0.38353464, 0.24617146)] (
                    elementSize = 1
                    interpolation = "uniform"
                )
            }

            over "Basis_L_2"
            {
                color3f[] primvars:displayColor = [(0.55926156, 0.23284765, 0.20789076)] (
                    elementSize = 1
                    interpolation = "uniform"
                )
            }

            over "Basis_L_3"
            {
                color3f[] primvars:displayColor = [(0.0010982131, 0.7266425, 0.27225932)] (
                    elementSize = 1
                    interpolation = "uniform"
                )
            }

            over "Basis_L_4"
            {
                color3f[] primvars:displayColor = [(0.16597596, 0.7900253, 0.043998748)] (
                    elementSize = 1
                    interpolation = "uniform"
                )
            }

            over "Basis_L_5"
            {
                color3f[] primvars:displayColor = [(0.44553208, 0.44884542, 0.10562251)] (
                    elementSize = 1
                    interpolation = "uniform"
                )
            }

            over "Basis_L_6"
            {
                color3f[] primvars:displayColor = [(0.7276666, 0.1303045, 0.14202887)] (
                    elementSize = 1
                    interpolation = "uniform"
                )
            }

            over "Basis_L_7"
            {
                color3f[] primvars:displayColor = [(0.24255657, 0.6145422, 0.14290126)] (
                    elementSize = 1
                    interpolation = "uniform"
                )
            }
        }

        over "Basis_R"
        {
            over "Basis_R_0"
            {
                color3f[] primvars:displayColor = [(0.40100506, 0.38888025, 0.21011469)] (
                    elementSize = 1
                    interpolation = "uniform"
                )
            }

            over "Basis_R_1"
            {
                color3f[] primvars:displayColor = [(0.89104384, 0.09919782, 0.009758342)] (
                    elementSize = 1
                    interpolation = "uniform"
                )
            }

            over "Basis_R_2"
            {
                color3f[] primvars:displayColor = [(0.3361293, 0.35791224, 0.30595845)] (
                    elementSize = 1
                    interpolation = "uniform"
                )
            }

            over "Basis_R_3"
            {
                color3f[] primvars:displayColor = [(0.19248255, 0.7027791, 0.10473837)] (
                    elementSize = 1
                    interpolation = "uniform"
                )
            }

            over "Basis_R_4"
            {
                color3f[] primvars:displayColor = [(0.9039657, 0.04251218, 0.053522084)] (
                    elementSize = 1
                    interpolation = "uniform"
                )
            }

            over "Basis_R_5"
            {
                color3f[] primvars:displayColor = [(0.32059267, 0.44487482, 0.23453249)] (
                    elementSize = 1
                    interpolation = "uniform"
                )
            }

            over "Basis_R_6"
            {
                color3f[] primvars:displayColor = [(0.4426874, 0.37633547, 0.18097715)] (
                    elementSize = 1
                    interpolation = "uniform"
                )
            }

            over "Basis_R_7"
            {
                color3f[] primvars:displayColor = [(0.15088655, 0.30016834, 0.54894507)] (
                    elementSize = 1
                    interpolation = "uniform"
                )
            }
        }

        over "Ground"
        {
            color3f[] primvars:displayColor = [(0.36469305, 0.026341878, 0.6089651), (0.07063417, 0.35601306, 0.57335275), (0.17386954, 0.6820229, 0.14410754), (0.009151784, 0.875088, 0.11576023), (0.6867756, 0.06766816, 0.24555622), (0.5116588, 0.085555084, 0.40278614), (0.19924001, 0.065377966, 0.735382), (0.48485067, 0.42131194, 0.09383738), (0.6357689, 0.27984622, 0.08438488), (0.24879782, 0.5623426, 0.18885963), (0.6151378, 0.04101794, 0.34384423), (0.48023844, 0.14393017, 0.3758314), (0.20649767, 0.23106505, 0.5624373), (0.4791711, 0.21747845, 0.30335045), (0.32728648, 0.4600389, 0.2126746), (0.6338011, 0.19684231, 0.16935657), (0.54170424, 0.09603265, 0.36226308), (0.20525062, 0.14359237, 0.651157), (0.40408236, 0.3414595, 0.25445813), (0.29230228, 0.1216963, 0.5860014), (0.06988958, 0.19580102, 0.7343094), (0.07495079, 0.7305507, 0.19449851), (0.2738405, 0.14944789, 0.57671165), (0.27564335, 0.58071136, 0.14364532), (0.48554894, 0.46435025, 0.05010083), (0.057401694, 0.32555816, 0.61704016), (0.14590603, 0.16071725, 0.6933767), (0.32734016, 0.2255104, 0.44714946), (0.274228, 0.2309309, 0.4948411), (0.22343045, 0.6377668, 0.13880275), (0.12296885, 0.6359764, 0.24105479), (0.30724764, 0.20715788, 0.48559448), (0.009775511, 0.44503054, 0.545194), (0.45862737, 0.04752787, 0.49384475), (0.00069058384, 0.16376726, 0.83554214), (0.21649536, 0.0017982061, 0.78170645), (0.1663315, 0.7026098, 0.13105871), (0.4074347, 0.39476046, 0.19780485), (0.0051494096, 0.4761739, 0.5186767), (0.42461655, 0.4042626, 0.17112085), (0.06586726, 0.27324504, 0.6608877), (0.3679813, 0.44252393, 0.18949476), (0.35473427, 0.45350006, 0.19176567), (0.05977398, 0.08121607, 0.8590099), (0.101157464, 0.7597181, 0.13912442), (0.92438483, 0.03686119, 0.038754005), (0.3126473, 0.411479, 0.2758737), (0.92387104, 0.04668661, 0.029442377), (0.5279731, 0.2591324, 0.21289447), (0.5906834, 0.326404, 0.08291262), (0.12202674, 0.39684466, 0.4811286), (0.66705066, 0.059691343, 0.27325797), (0.36481616, 0.11336418, 0.52181965), (0.32706213, 0.013440208, 0.6594977), (0.14363424, 0.63878196, 0.21758379), (0.8137331, 0.085011974, 0.10125493), (0.23694982, 0.13527144, 0.62777877), (0.19165361, 0.16701488, 0.6413315), (0.02021655, 0.828331, 0.15145244), (0.20052448, 0.35792053, 0.441555), (0.2608208, 0.6716834, 0.06749586), (0.07230723, 0.10298004, 0.82471275), (0.35070732, 0.41745162, 0.23184106)] (
                elementSize = 63
                interpolation = "uniform"
            )
        }

        over "Volume"
        {
            color3f[] primvars:displayColor = [(0.20920455, 0.27229613, 0.5184993), (0.6244957, 0.21740727, 0.15809707), (0.21385846, 0.3402466, 0.44589493), (0.30661634, 0.022703795, 0.67067987), (0.64074, 0.29011273, 0.06914729), (0.33242825, 0.28499356, 0.3825782), (0.34621403, 0.29387102, 0.35991496), (0.809465, 0.01788264, 0.1726524), (0.119112775, 0.041311726, 0.83957547), (0.39780325, 0.27832896, 0.32386777), (0.13963495, 0.0060866205, 0.85427845), (0.4815744, 0.15323786, 0.36518776), (0.029858554, 0.60182726, 0.3683142), (0.6346937, 0.24799195, 0.11731437), (0.3506589, 0.2910038, 0.3583373), (0.26723593, 0.17702831, 0.55573577), (0.25468907, 0.0009672074, 0.7443437), (0.43094322, 0.5161577, 0.05289909), (0.68538076, 0.123812236, 0.19080698), (0.20380925, 0.6107215, 0.18546924), (0.121604435, 0.46902692, 0.40936866), (0.4772393, 0.15991205, 0.36284864), (0.90617436, 0.08605419, 0.0077714464), (0.2804075, 0.15680674, 0.5627858), (0.050243292, 0.7399474, 0.20980935), (0.18187068, 0.73816043, 0.07996886), (0.51849216, 0.41719085, 0.06431695), (0.4887276, 0.021428877, 0.48984355), (0.14025283, 0.53718257, 0.3225646), (0.0013201454, 0.2894945, 0.70918536), (0.20284358, 0.15160294, 0.64555347), (0.54931164, 0.32190558, 0.12878281), (0.32719684, 0.24711695, 0.4256862), (0.39847323, 0.26325125, 0.3382755), (0.03562859, 0.7675233, 0.1968481), (0.68963426, 0.08043038, 0.22993535), (0.40384996, 0.29546744, 0.3006826), (0.39182803, 0.3540688, 0.2541032), (0.3481638, 0.4416943, 0.21014191), (0.28119665, 0.4755615, 0.24324188), (0.15410791, 0.8401931, 0.005698983), (0.56968254, 0.33754754, 0.09276994), (0.14631902, 0.17932688, 0.6743541), (0.19647029, 0.49495342, 0.3085763), (0.47189516, 0.5248486, 0.003256228), (0.6359945, 0.28325704, 0.08074848), (0.604482, 0.35592312, 0.03959485), (0.17938496, 0.32520226, 0.49541277), (0.07615886, 0.62375087, 0.30009025), (0.49645346, 0.34984025, 0.1537063), (0.7346287, 0.023054874, 0.24231642), (0.10711622, 0.14257978, 0.750304), (0.3558052, 0.60415745, 0.04003739), (0.143496, 0.5020428, 0.35446122), (0.5422304, 0.06459651, 0.39317307), (0.06748008, 0.7814524, 0.1510675), (0.49952683, 0.4487167, 0.051756486), (0.06968548, 0.9058258, 0.024488755), (0.45403114, 0.48785228, 0.05811658), (0.65367055, 0.047698576, 0.2986309), (0.07803254, 0.51799476, 0.40397266), (0.1881046, 0.20648739, 0.605408), (0.5230614, 0.4249439, 0.05199469), (0.59609747, 0.25995544, 0.14394712), (0.9234203, 0.07334527, 0.0032344386), (0.09167498, 0.18398938, 0.7243357), (0.24492744, 0.0056703384, 0.7494022), (0.17683442, 0.73517865, 0.08798693), (0.05389471, 0.8142215, 0.13188377), (0.29530036, 0.12272587, 0.58197373), (0.19400302, 0.27435505, 0.5316419), (0.1443822, 0.6777049, 0.17791294), (0.50606716, 0.21489345, 0.2790394), (0.044632625, 0.8447191, 0.11064825), (0.14805488, 0.43107462, 0.42087048), (0.9312658, 0.0061063054, 0.06262791), (0.037492163, 0.40407592, 0.5584319), (0.07195542, 0.5895203, 0.3385243), (0.28417003, 0.5673298, 0.14850017), (0.060128845, 0.2792456, 0.6606256), (0.68128675, 0.03679014, 0.28192312), (0.1964996, 0.453122, 0.35037842), (0.030654635, 0.7409238, 0.22842152), (0.30416286, 0.62171394, 0.074123204), (0.35754296, 0.27841136, 0.36404565), (0.67010474, 0.08238353, 0.24751171), (0.467737, 0.35799745, 0.17426558), (0.5525582, 0.18829578, 0.259146), (0.43168566, 0.13666418, 0.43165016), (0.21525599, 0.75463045, 0.03011358), (0.43756685, 0.5252083, 0.03722482), (0.5479188, 0.344673, 0.10740823), (0.59855, 0.3332759, 0.0681741), (0.09738102, 0.21919352, 0.6834255), (0.41485325, 0.023663102, 0.5614836), (0.11084638, 0.61253965, 0.27661398), (0.57686555, 0.16753106, 0.2556034), (0.28124917, 0.13674325, 0.5820076), (0.13927649, 0.10756856, 0.75315493), (0.056070164, 0.3483002, 0.59562963)] (
                elementSize = 100
                interpolation = "uniform"
            )
        }

        over "TopBackLeft"
        {
            color3f[] primvars:displayColor = [(0.18171585, 0.30144718, 0.516837), (0.31350476, 0.4840658, 0.20242946), (0.62933993, 0.046683315, 0.32397676), (0.0021688414, 0.111398086, 0.88643306), (0.39679176, 0.39074752, 0.21246071), (0.28787157, 0.20852967, 0.50359875)] (
                elementSize = 6
                interpolation = "uniform"
            )
        }

        over "TopFrontLeft"
        {
            color3f[] primvars:displayColor = [(0.120793186, 0.13365412, 0.7455527), (0.1255833, 0.061719604, 0.8126971), (0.6126074, 0.28714725, 0.10024534), (0.16494164, 0.2527006, 0.58235776), (0.028611824, 0.42967525, 0.54171294), (0.1938933, 0.39896944, 0.40713724), (0.44233355, 0.39500302, 0.16266344), (0.3303507, 0.061462164, 0.60818714), (0.11509, 0.6258106, 0.25909936), (0.46029064, 0.037923824, 0.5017855), (0.40029964, 0.28237993, 0.31732044), (0.31026745, 0.5362094, 0.15352313), (0.3530647, 0.5164086, 0.13052669), (0.7816523, 0.18551168, 0.032836042), (0.6457644, 0.30242538, 0.05181018), (0.23049603, 0.07091485, 0.69858915), (0.9268517, 0.060602568, 0.012545731), (0.6016769, 0.08238767, 0.31593546), (0.27008688, 0.30400616, 0.42590693), (0.13813955, 0.85099715, 0.010863288), (0.15399946, 0.42732206, 0.4186785), (0.9479289, 0.048827596, 0.0032435122), (0.2792249, 0.6841928, 0.03658232), (0.60967886, 0.24813098, 0.14219016), (0.30981082, 0.37926587, 0.3109233), (0.098135754, 0.83264345, 0.06922079), (0.67905706, 0.27814922, 0.042793736), (0.05387393, 0.3471002, 0.5990259), (0.4808983, 0.40016228, 0.11893941), (0.30308747, 0.09856928, 0.59834325), (0.4940427, 0.20126833, 0.304689), (0.30568895, 0.05489437, 0.6394167), (0.5483204, 0.28456295, 0.16711663), (0.6821656, 0.08668914, 0.23114523), (0.54834944, 0.12660372, 0.32504684), (0.26205188, 0.06795733, 0.6699908), (0.3126087, 0.679412, 0.007979332), (0.75258684, 0.20541605, 0.041997097), (0.7908465, 0.122795545, 0.08635795), (0.18861353, 0.5032475, 0.30813894), (0.09029457, 0.8269898, 0.08271562), (0.34538105, 0.18373929, 0.47087967), (0.88626194, 0.018580116, 0.095157966), (0.11319958, 0.39098945, 0.495811), (0.12299416, 0.3247239, 0.5522819), (0.6060852, 0.21177942, 0.18213542), (0.4412109, 0.3598091, 0.19898003), (0.30895957, 0.11554404, 0.5754964), (0.2121513, 0.38665304, 0.40119568), (0.3432969, 0.0828238, 0.5738793), (0.08853679, 0.20453382, 0.7069294), (0.35814047, 0.24964869, 0.39221084), (0.5298632, 0.35384032, 0.11629654), (0.2609446, 0.6957825, 0.04327289), (0.77574694, 0.07815575, 0.1460973), (0.6621236, 0.1957614, 0.14211501), (0.08339714, 0.17289309, 0.74370974), (0.58570904, 0.04307683, 0.3712141), (0.15664198, 0.1359017, 0.7074563), (0.26934087, 0.3831129, 0.34754622), (0.008801724, 0.14720081, 0.8439975), (0.4390873, 0.2906242, 0.2702885), (0.59519017, 0.13973697, 0.26507288), (0.6357864, 0.116731785, 0.24748178), (0.55609864, 0.18350579, 0.26039556), (0.6852272, 0.15196402, 0.16280879), (0.16164072, 0.14220001, 0.6961593), (0.3077899, 0.09197948, 0.60023063), (0.095553204, 0.7986626, 0.105784215), (0.048894778, 0.36629048, 0.5848147), (0.19461471, 0.5220533, 0.283332), (0.11418261, 0.003180079, 0.8826373), (0.49741971, 0.47874972, 0.023830568), (0.37126562, 0.41390485, 0.21482952), (0.59584564, 0.24027008, 0.16388425), (0.07891717, 0.0014618342, 0.919621), (0.25408205, 0.26466277, 0.48125514), (0.43901727, 0.09828561, 0.46269712), (0.040202964, 0.88416207, 0.07563494), (0.33300954, 0.4763728, 0.19061764), (0.6580537, 0.2736592, 0.06828711), (0.48934993, 0.40347907, 0.107171), (0.5029823, 0.24228851, 0.25472915), (0.37994808, 0.31215474, 0.30789718), (0.08930915, 0.81193453, 0.0987563), (0.5219478, 0.25139806, 0.22665414), (0.34527352, 0.296603, 0.35812345), (0.1683209, 0.2969044, 0.5347747), (0.13782035, 0.6717835, 0.19039612), (0.20543814, 0.33945945, 0.4551024)] (
                elementSize = 90
                interpolation = "uniform"
            )
        }

        over "TopBackRight"
        {
            color3f[] primvars:displayColor = [(0.28676775, 0.6594909, 0.05374139), (0.4771925, 0.31245115, 0.21035632), (0.173291, 0.51719934, 0.30950963), (0.19410495, 0.72424597, 0.08164911), (0.593604, 0.20327473, 0.20312122), (0.08176036, 0.42114103, 0.4970986), (0.9361587, 0.05892699, 0.004914285), (0.12972686, 0.84741867, 0.022854486), (0.6431812, 0.34512803, 0.011690743), (0.5098456, 0.35885355, 0.13130087), (0.45832598, 0.07613779, 0.4655362), (0.2464461, 0.5216183, 0.2319356), (0.1680388, 0.72683173, 0.10512947), (0.19466107, 0.030835629, 0.7745033), (0.22425961, 0.6553455, 0.120394915), (0.72994816, 0.070089534, 0.19996229), (0.542331, 0.32017985, 0.13748915), (0.27736017, 0.6924789, 0.03016091), (0.022050178, 0.76117104, 0.21677878), (0.13772823, 0.6798204, 0.18245134), (0.20478845, 0.5169231, 0.27828845), (0.117521085, 0.0077363714, 0.87474257), (0.6745702, 0.07028793, 0.25514185), (0.096718654, 0.6332789, 0.27000242), (0.25970984, 0.55234504, 0.18794511), (0.22811337, 0.12345347, 0.64843315), (0.020641053, 0.6234681, 0.35589087), (0.097649686, 0.7858671, 0.1164832), (0.5226533, 0.26202545, 0.21532129), (0.41639653, 0.3362517, 0.24735175)] (
                elementSize = 30
                interpolation = "uniform"
            )
        }

        over "TopFrontRight"
        {
            color3f[] primvars:displayColor = [(0.37322015, 0.5916739, 0.035105933), (0.119504675, 0.66899663, 0.21149866), (0.8689552, 0.117132604, 0.013912206), (0.12756753, 0.0696201, 0.80281234), (0.37921268, 0.58481723, 0.035970107), (0.2652627, 0.39259163, 0.3421457), (0.19373754, 0.4087025, 0.39755997), (0.25157347, 0.117141105, 0.6312854), (0.049192533, 0.66931707, 0.28149042), (0.11040949, 0.6140996, 0.27549088), (0.18249486, 0.29493907, 0.522566), (0.8124657, 0.03710414, 0.15043013), (0.08880041, 0.14465947, 0.7665401), (0.16951051, 0.121815644, 0.70867383), (0.9111071, 0.08227273, 0.0066201515), (0.62390006, 0.3364247, 0.039675247), (0.027076775, 0.2831416, 0.6897816), (0.08402877, 0.81760114, 0.09837008), (0.29211834, 0.5432842, 0.1645975), (0.07259171, 0.31688526, 0.61052305)] (
                elementSize = 20
                interpolation = "uniform"
            )
        }
    }
}

over "random_varying"
{
    over "Geom"
    {
        over "Basis_L"
        {
            over "Basis_L_0"
            {
                color3f[] primvars:displayColor = [(0.48241547, 0.39947867, 0.118105866), (0.259903, 0.6937912, 0.046305776), (0.15253483, 0.12111798, 0.7263472)] (
                    elementSize = 3
                    interpolation = "varying"
                )
            }

            over "Basis_L_1"
            {
                color3f[] primvars:displayColor = [(0.5183095, 0.06488034, 0.4168102), (0.39148945, 0.4858096, 0.12270094), (0.64336056, 0.31503528, 0.04160419), (0.08024837, 0.43523005, 0.48452157), (0.3761933, 0.11159012, 0.51221657), (0.31208882, 0.2321161, 0.45579508), (0.3722876, 0.5335341, 0.094178304)] (
                    elementSize = 7
                    interpolation = "varying"
                )
            }

            over "Basis_L_2"
            {
                color3f[] primvars:displayColor = [(0.17214262, 0.1984985, 0.6293589), (0.6576661, 0.30142537, 0.04090855), (0.13471197, 0.11111301, 0.754175), (0.041510515, 0.5577282, 0.4007613), (0.41526985, 0.36856636, 0.21616377)] (
                    elementSize = 5
                    interpolation = "varying"
                )
            }

            over "Basis_L_3"
            {
                color3f[] primvars:displayColor = [(0.36507708, 0.49904335, 0.13587956), (0.048379045, 0.30327788, 0.6483431), (0.22346684, 0.7705056, 0.0060275733), (0.2631273, 0.33889768, 0.39797503), (0.2698078, 0.7026581, 0.02753409), (0.2534301, 0.7008621, 0.045707792), (0.38295233, 0.084868684, 0.532179)] (
                    elementSize = 7
                    interpolation = "varying"
                )
            }

            over "Basis_L_4"
            {
                color3f[] primvars:displayColor = [(0.033563513, 0.24115312, 0.7252834), (0.77832097, 0.16293424, 0.05874481), (0.22487931, 0.03597692, 0.7391438), (0.49627092, 0.44575906, 0.057970017), (0.31748274, 0.5281252, 0.15439206)] (
                    elementSize = 5
                    interpolation = "varying"
                )
            }

            over "Basis_L_5"
            {
                color3f[] primvars:displayColor = [(0.23743714, 0.5453849, 0.21717797), (0.4568348, 0.2555296, 0.28763556), (0.84937686, 0.030079799, 0.12054332), (0.4750032, 0.49141696, 0.03357982), (0.16309874, 0.13605621, 0.70084506), (0.3793384, 0.017681964, 0.6029796), (0.2837992, 0.25670648, 0.45949432)] (
                    elementSize = 7
                    interpolation = "varying"
                )
            }

            over "Basis_L_6"
            {
                color3f[] primvars:displayColor = [(0.2970522, 0.62305033, 0.07989744), (0.5329777, 0.060892206, 0.4061301), (0.08673976, 0.28240195, 0.6308583)] (
                    elementSize = 3
                    interpolation = "varying"
                )
            }

            over "Basis_L_7"
            {
                color3f[] primvars:displayColor = [(0.20414382, 0.24196547, 0.5538907), (0.36377227, 0.34048715, 0.29574057), (0.24788243, 0.48628268, 0.2658349), (0.25089386, 0.029265687, 0.71984047), (0.88845253, 0.09471301, 0.01683444), (0.66800106, 0.30456433, 0.027434627), (0.096950255, 0.31604144, 0.5870083)] (
                    elementSize = 7
                    interpolation = "varying"
                )
            }
        }

        over "Basis_R"
        {
            over "Basis_R_0"
            {
                color3f[] primvars:displayColor = [(0.13095002, 0.46869105, 0.40035895), (0.6597422, 0.1443529, 0.19590491), (0.1976979, 0.39208758, 0.41021454), (0.15744518, 0.19110364, 0.6514512), (0.020060675, 0.5196287, 0.46031064), (0.41130656, 0.39846125, 0.19023217), (0.5507733, 0.007703814, 0.44152287)] (
                    elementSize = 7
                    interpolation = "varying"
                )
            }

            over "Basis_R_1"
            {
                color3f[] primvars:displayColor = [(0.22415222, 0.20961279, 0.566235), (0.4421101, 0.2781605, 0.27972937), (0.1374908, 0.8171355, 0.045373674), (0.86600906, 0.12297714, 0.011013803), (0.44227424, 0.18297307, 0.37475267)] (
                    elementSize = 5
                    interpolation = "varying"
                )
            }

            over "Basis_R_2"
            {
                color3f[] primvars:displayColor = [(0.33258262, 0.11109138, 0.556326), (0.05468637, 0.55355257, 0.3917611), (0.045492608, 0.3241917, 0.6303157), (0.59739757, 0.016606357, 0.3859961), (0.28291905, 0.0809443, 0.63613665), (0.67436033, 0.054406956, 0.2712327), (0.14519288, 0.43627617, 0.41853094)] (
                    elementSize = 7
                    interpolation = "varying"
                )
            }

            over "Basis_R_3"
            {
                color3f[] primvars:displayColor = [(0.6562009, 0.24292372, 0.10087538), (0.16828267, 0.3731783, 0.45853904), (0.77362156, 0.027043162, 0.19933526), (0.22527626, 0.16866761, 0.60605615), (0.013565662, 0.8341605, 0.15227385)] (
                    elementSize = 5
                    interpolation = "varying"
                )
            }

            over "Basis_R_4"
            {
                color3f[] primvars:displayColor = [(0.3512702, 0.51068246, 0.13804734), (0.71856594, 0.21296203, 0.06847202), (0.044152115, 0.90059096, 0.055256907), (0.67898583, 0.29238892, 0.028625272), (0.11884778, 0.21812253, 0.6630297), (0.07366579, 0.46565053, 0.46068367), (0.7339953, 0.220096, 0.045908708)] (
                    elementSize = 7
                    interpolation = "varying"
                )
            }

            over "Basis_R_5"
            {
                color3f[] primvars:displayColor = [(0.8104976, 0.1069425, 0.08255994), (0.7195718, 0.19641428, 0.084013924), (0.38543636, 0.09082847, 0.52373517)] (
                    elementSize = 3
                    interpolation = "varying"
                )
            }

            over "Basis_R_6"
            {
                color3f[] primvars:displayColor = [(0.16388443, 0.68459225, 0.15152332), (0.014039604, 0.27144027, 0.71452016), (0.5786629, 0.30434018, 0.11699698), (0.43098247, 0.5411069, 0.027910635), (0.4904695, 0.23356509, 0.27596542), (0.21518773, 0.195624, 0.5891883), (0.1100276, 0.23500304, 0.65496933)] (
                    elementSize = 7
                    interpolation = "varying"
                )
            }

            over "Basis_R_7"
            {
                color3f[] primvars:displayColor = [(0.050013978, 0.6728599, 0.27712607), (0.17729491, 0.779314, 0.043391097), (0.2231035, 0.41334113, 0.36355537), (0.9080517, 0.04486739, 0.04708086), (0.26275697, 0.18422996, 0.5530131)] (
                    elementSize = 5
                    interpolation = "varying"
                )
            }
        }

        over "Ground"
        {
            color3f[] primvars:displayColor = [(0.5631197, 0.19268964, 0.24419062), (0.8855094, 0.107660756, 0.0068298983), (0.1170633, 0.77961636, 0.10332035), (0.086212575, 0.3047323, 0.60905516), (0.032469854, 0.6660054, 0.30152476), (0.57850456, 0.21893246, 0.20256296), (0.4011562, 0.13993049, 0.45891333), (0.22513816, 0.3518139, 0.42304793), (0.29591075, 0.09664294, 0.6074463), (0.7913886, 0.1467242, 0.06188724), (0.39680973, 0.15394449, 0.44924578), (0.49983475, 0.11600794, 0.3841573), (0.29697892, 0.6010828, 0.10193829), (0.20259872, 0.44986936, 0.3475319), (0.17081872, 0.19417755, 0.63500375), (0.5158483, 0.13899088, 0.34516087), (0.30645704, 0.51848763, 0.17505533), (0.51416785, 0.36408806, 0.12174412), (0.35053617, 0.1420125, 0.5074513), (0.23282751, 0.3003484, 0.46682408), (0.029891789, 0.86041415, 0.10969406), (0.091526546, 0.17320333, 0.73527014), (0.48834497, 0.2175499, 0.2941051), (0.49791405, 0.12597238, 0.37611356), (0.18076384, 0.26496702, 0.55426913), (0.28991964, 0.13799934, 0.572081), (0.47467095, 0.3888154, 0.13651367), (0.66886145, 0.33047184, 0.0006667128), (0.35094225, 0.3223531, 0.32670465), (0.7977428, 0.067324124, 0.1349331), (0.18886463, 0.019542756, 0.7915926), (0.10016815, 0.48249328, 0.41733855), (0.36013788, 0.59299284, 0.0468693), (0.02488931, 0.42574033, 0.54937035), (0.13106024, 0.77138144, 0.09755834), (0.1769672, 0.15686893, 0.66616386), (0.27994847, 0.15801929, 0.5620322), (0.36683288, 0.33940658, 0.2937605), (0.05335273, 0.7046395, 0.24200778), (0.41715938, 0.09092394, 0.4919167), (0.4574107, 0.19239478, 0.3501945), (0.5080048, 0.046744153, 0.44525105), (0.7399123, 0.031744663, 0.22834308), (0.23791221, 0.29713804, 0.46494976), (0.21461415, 0.20889324, 0.5764926), (0.7478121, 0.014076196, 0.23811172), (0.043390162, 0.27655593, 0.6800539), (0.03304067, 0.15232825, 0.8146311), (0.67518187, 0.31167027, 0.013147859), (0.12928885, 0.19310676, 0.6776044), (0.25637463, 0.3156241, 0.42800128), (0.047618415, 0.66595304, 0.28642854), (0.34848657, 0.5540423, 0.097471125), (0.6584581, 0.051459, 0.2900829), (0.34712428, 0.023768134, 0.6291076), (0.33208385, 0.16997264, 0.49794352), (0.004737682, 0.086296394, 0.90896595), (0.09351693, 0.12426724, 0.78221583), (0.11604655, 0.1643254, 0.71962804), (0.382759, 0.13141532, 0.48582566), (0.15268926, 0.07287047, 0.7744403), (0.7191869, 0.26232362, 0.018489497), (0.119038366, 0.43319142, 0.4477702), (0.014671674, 0.014178269, 0.97115004), (0.103895865, 0.41605088, 0.48005325), (0.22073296, 0.6637326, 0.115534484), (0.49836713, 0.1558995, 0.34573337), (0.21011971, 0.37829474, 0.41158554), (0.02702794, 0.6172483, 0.35572377), (0.18975304, 0.23307748, 0.5771695), (0.27200958, 0.2294723, 0.49851814), (0.22467412, 0.47824124, 0.29708466), (0.34227353, 0.08127654, 0.57644993), (0.4581604, 0.09431735, 0.44752225), (0.93429, 0.022643942, 0.043066073), (0.019418793, 0.0028286956, 0.9777525), (0.18928012, 0.74401426, 0.06670563), (0.05633183, 0.51371044, 0.42995775), (0.30569607, 0.31507778, 0.37922615), (0.7642512, 0.1377909, 0.09795793)] (
                elementSize = 80
                interpolation = "varying"
            )
        }

        over "Volume"
        {
            color3f[] primvars:displayColor = [(0.68639684, 0.19544654, 0.11815664), (0.3830211, 0.18992613, 0.4270528), (0.12451479, 0.43071657, 0.44476864), (0.17423588, 0.64573437, 0.18002976), (0.09032853, 0.6166548, 0.29301664), (0.14890563, 0.4623974, 0.38869697), (0.5137838, 0.2141893, 0.27202687), (0.24607453, 0.63114953, 0.12277596), (0.31929564, 0.33086187, 0.34984246), (0.31642815, 0.11334132, 0.5702305), (0.067258164, 0.43203667, 0.5007052), (0.16518535, 0.02050936, 0.8143053), (0.29634315, 0.12574399, 0.57791287), (0.4138169, 0.038980655, 0.54720247), (0.10292602, 0.7462549, 0.15081903), (0.1672632, 0.24161892, 0.59111786), (0.56686574, 0.0010230585, 0.4321112), (0.72125775, 0.18271567, 0.09602661), (0.3660804, 0.19678791, 0.4371317), (0.123355396, 0.6136479, 0.26299673), (0.6702704, 0.29881015, 0.030919483), (0.10823101, 0.70819104, 0.18357798), (0.070210315, 0.8397331, 0.09005658), (0.3470064, 0.11207578, 0.5409178), (0.3018361, 0.5132885, 0.18487537), (0.34191367, 0.050911188, 0.6071752), (0.39795136, 0.47802368, 0.12402497), (0.54242396, 0.36990687, 0.08766917), (0.7221937, 0.17067888, 0.10712741), (0.509737, 0.26715332, 0.22310966), (0.055076025, 0.42112315, 0.52380085), (0.6229364, 0.1862768, 0.19078676), (0.5169277, 0.40940583, 0.07366646), (0.7798097, 0.18698375, 0.033206537), (0.663918, 0.24951695, 0.086565025), (0.18393342, 0.28334844, 0.5327181), (0.3762933, 0.6150221, 0.0086845895), (0.32014012, 0.09440547, 0.5854544), (0.0019463925, 0.70040673, 0.29764685), (0.17625892, 0.38487858, 0.4388625), (0.32305098, 0.31789908, 0.35904995), (0.10742207, 0.31240284, 0.5801751), (0.02784075, 0.24318962, 0.72896963), (0.04621284, 0.8904987, 0.06328844), (0.0838294, 0.7457027, 0.17046791), (0.5129642, 0.19598553, 0.29105026), (0.39982843, 0.059167046, 0.54100454), (0.2774062, 0.6727355, 0.049858317), (0.10511164, 0.55064666, 0.3442417), (0.18118636, 0.107594565, 0.7112191), (0.47299206, 0.08408621, 0.44292173), (0.2263441, 0.2173255, 0.55633044), (0.068825714, 0.8526724, 0.07850192), (0.66093254, 0.30053777, 0.03852969), (0.22758381, 0.7374776, 0.034938622), (0.43089405, 0.34929228, 0.21981367), (0.33544573, 0.4202877, 0.24426657), (0.033374235, 0.045459207, 0.92116654), (0.4181314, 0.46504408, 0.11682449), (0.028841183, 0.6827181, 0.28844073), (0.7682438, 0.027321061, 0.20443515), (0.04611895, 0.79274386, 0.16113718), (0.589037, 0.38656944, 0.02439358), (0.045732707, 0.4380955, 0.5161718), (0.58281136, 0.058017462, 0.35917118), (0.4240679, 0.4647844, 0.11114768), (0.03256443, 0.17370835, 0.7937272), (0.54080546, 0.30468595, 0.1545086), (0.24549744, 0.7315944, 0.022908166), (0.26716068, 0.594925, 0.1379143), (0.031107787, 0.73889524, 0.22999695), (0.15470648, 0.2029505, 0.64234304), (0.1421722, 0.6113874, 0.24644044), (0.25918436, 0.7152688, 0.025546828), (0.04957287, 0.5650855, 0.38534167), (0.03261262, 0.2377188, 0.72966856), (0.7736257, 0.18268736, 0.043686952), (0.36739537, 0.4231129, 0.20949171), (0.6539803, 0.27985668, 0.06616299), (0.41254628, 0.48566407, 0.10178964), (0.15944158, 0.335752, 0.5048064), (0.4220283, 0.5068605, 0.07111121), (0.3952326, 0.2607589, 0.34400854), (0.5512782, 0.32403073, 0.124691084), (0.13240542, 0.53285867, 0.33473596), (0.54715824, 0.32316253, 0.12967922), (0.17476694, 0.60554653, 0.21968651), (0.64810145, 0.039974727, 0.31192383), (0.3369682, 0.116918355, 0.54611343), (0.21671529, 0.7816128, 0.0016719091), (0.1471315, 0.076994985, 0.77587354), (0.35573116, 0.6117172, 0.03255163)] (
                elementSize = 92
                interpolation = "varying"
            )
        }

        over "TopBackLeft"
        {
            color3f[] primvars:displayColor = [(0.4782126, 0.3106231, 0.21116428), (0.72330576, 0.07299559, 0.20369866), (0.36048836, 0.04276126, 0.5967504), (0.33133256, 0.008720641, 0.6599468), (0.071883656, 0.2907267, 0.63738966), (0.105687976, 0.84978265, 0.044529375), (0.2339945, 0.41466337, 0.3513421), (0.013267596, 0.6232944, 0.36343798)] (
                elementSize = 8
                interpolation = "varying"
            )
        }

        over "TopFrontLeft"
        {
            color3f[] primvars:displayColor = [(0.28045237, 0.27937627, 0.4401714), (0.53020406, 0.32305065, 0.1467453), (0.19733253, 0.5637082, 0.2389593), (0.8484543, 0.021594202, 0.1299515), (0.05640213, 0.17571485, 0.767883), (0.24507146, 0.6529459, 0.101982646), (0.522892, 0.39371008, 0.083397925), (0.16596189, 0.47061524, 0.36342287), (0.009887574, 0.43421483, 0.5558976), (0.34518653, 0.2940941, 0.36071938), (0.6178312, 0.19220078, 0.18996805), (0.20502828, 0.051732935, 0.7432388), (0.04365923, 0.5633654, 0.39297536), (0.3057875, 0.34268442, 0.35152808), (0.69967425, 0.28366274, 0.016663024), (0.3469572, 0.2697471, 0.3832957), (0.10123877, 0.75022197, 0.14853926), (0.4990326, 0.39613578, 0.10483163), (0.09978219, 0.077288635, 0.8229292), (0.23066254, 0.41546908, 0.35386837), (0.4808768, 0.32181245, 0.19731075), (0.20502636, 0.6883083, 0.10666537), (0.070350856, 0.43555677, 0.49409238), (0.056642048, 0.36439863, 0.5789593), (0.7518701, 0.24631272, 0.0018171691), (0.1429436, 0.40460768, 0.45244873), (0.44216925, 0.22717237, 0.33065838), (0.4724357, 0.27806076, 0.24950352), (0.183695, 0.09138253, 0.7249225), (0.6080135, 0.11830122, 0.27368525), (0.036995597, 0.17072587, 0.7922785), (0.32779646, 0.26788467, 0.4043189), (0.05484204, 0.8983853, 0.046772696), (0.35232016, 0.5937435, 0.053936362), (0.45411924, 0.42005256, 0.1258282), (0.24268758, 0.41903478, 0.33827764), (0.57327, 0.11243022, 0.3142998), (0.034758933, 0.47700253, 0.48823854), (0.5704867, 0.263363, 0.16615027), (0.7061246, 0.24798295, 0.045892466), (0.62339795, 0.30310524, 0.07349685), (0.736521, 0.064192444, 0.19928655), (0.42762557, 0.4199263, 0.15244813), (0.5347843, 0.34031305, 0.12490265), (0.46525356, 0.42347035, 0.1112761), (0.18031777, 0.15284675, 0.6668355), (0.14157501, 0.24047032, 0.6179547), (0.33496904, 0.12606163, 0.53896934), (0.31769383, 0.47324985, 0.20905632), (0.57782024, 0.12092021, 0.30125958), (0.70829034, 0.15933014, 0.13237955), (0.7091476, 0.24327745, 0.047574952), (0.6393763, 0.12239122, 0.2382325), (0.012288068, 0.5853252, 0.40238675), (0.19466332, 0.09098016, 0.71435654), (0.56006485, 0.022447623, 0.41748753), (0.276423, 0.26529902, 0.45827797), (0.10552777, 0.603092, 0.29138023), (0.68549913, 0.23655666, 0.0779442), (0.10911216, 0.2513191, 0.63956875), (0.05943785, 0.91445184, 0.026110325), (0.10331975, 0.4263298, 0.47035044), (0.30900174, 0.041096535, 0.6499017), (0.02754901, 0.08731444, 0.88513654), (0.01654952, 0.39199188, 0.59145856), (0.8924576, 0.011115619, 0.096426755), (0.098991506, 0.7103946, 0.19061387), (0.46617672, 0.26413485, 0.26968843), (0.01682511, 0.5917667, 0.39140818), (0.3605287, 0.3790688, 0.2604025), (0.16653652, 0.47353545, 0.35992804), (0.80506444, 0.10140897, 0.093526594), (0.48241854, 0.40305483, 0.11452663), (0.3308635, 0.39291722, 0.27621928), (0.02531577, 0.4706345, 0.5040497), (0.07022935, 0.70458746, 0.22518322), (0.34848574, 0.1694998, 0.48201448), (0.5574949, 0.32206118, 0.12044393), (0.5393193, 0.08407421, 0.37660652), (0.39658064, 0.4224389, 0.18098046), (0.027509559, 0.16295636, 0.8095341), (0.769558, 0.07806108, 0.15238088)] (
                elementSize = 82
                interpolation = "varying"
            )
        }

        over "TopBackRight"
        {
            color3f[] primvars:displayColor = [(0.3145725, 0.027091976, 0.6583355), (0.6484069, 0.22233784, 0.1292552), (0.20708756, 0.05703037, 0.7358821), (0.23464295, 0.72644556, 0.038911514), (0.3445479, 0.19221987, 0.46323225), (0.9632109, 0.01175038, 0.025038728), (0.109593496, 0.7697203, 0.1206862), (0.06727351, 0.2129684, 0.7197581), (0.6931342, 0.23631576, 0.070550025), (0.1497398, 0.04484342, 0.80541676), (0.3373212, 0.26364374, 0.3990351), (0.042297743, 0.20542504, 0.7522772), (0.07560069, 0.6549538, 0.26944554), (0.0082886135, 0.36308756, 0.62862384), (0.44234657, 0.25369075, 0.30396268), (0.18037556, 0.4917001, 0.32792434), (0.5690826, 0.33972618, 0.0911912), (0.22849731, 0.68775666, 0.08374603), (0.23811926, 0.50416726, 0.2577135), (0.20354836, 0.43284264, 0.363609), (0.43805337, 0.10274289, 0.45920375), (0.05584925, 0.18734087, 0.7568099), (0.14303787, 0.43172267, 0.42523947), (0.16614948, 0.19580859, 0.6380419), (0.16518165, 0.13291398, 0.70190436), (0.68483007, 0.20626685, 0.108903095), (0.4022527, 0.13788763, 0.4598597), (0.07294162, 0.0106295375, 0.91642886), (0.32031378, 0.007776446, 0.6719098), (0.21650034, 0.52004546, 0.26345423), (0.08244403, 0.6095843, 0.3079717), (0.6030699, 0.30258068, 0.09434941), (0.0025311226, 0.024272827, 0.973196), (0.46160424, 0.4984746, 0.03992118), (0.091067806, 0.16420263, 0.7447296), (0.44242963, 0.27706364, 0.2805067), (0.39128953, 0.09524898, 0.5134615), (0.22548173, 0.537901, 0.23661728), (0.28796038, 0.5405574, 0.17148225), (0.7661868, 0.17782919, 0.055984057), (0.21172494, 0.48066765, 0.3076074), (0.37840426, 0.014283894, 0.60731184)] (
                elementSize = 42
                interpolation = "varying"
            )
        }

        over "TopFrontRight"
        {
            color3f[] primvars:displayColor = [(0.6816185, 0.05454424, 0.26383725), (0.9085736, 0.046137903, 0.045288485), (0.087840594, 0.89691526, 0.015244145), (0.54791826, 0.037984442, 0.4140973), (0.40923095, 0.13337676, 0.45739228), (0.2565995, 0.1155983, 0.62780225), (0.38139325, 0.4151372, 0.20346954), (0.27887613, 0.14684124, 0.57428265), (0.47425002, 0.19371842, 0.33203158), (0.34092867, 0.15601183, 0.5030595), (0.0126230875, 0.63886607, 0.34851086), (0.4499488, 0.026235087, 0.5238161), (0.20764656, 0.45150337, 0.34085009), (0.09053039, 0.012829665, 0.89663994), (0.41533467, 0.3154307, 0.26923466), (0.16203822, 0.3046699, 0.5332919), (0.14916603, 0.3388209, 0.5120131), (0.21972162, 0.5660733, 0.2142051), (0.19186738, 0.25941163, 0.548721), (0.2856134, 0.67419666, 0.040189967), (0.15970936, 0.5539457, 0.28634492), (0.31333688, 0.05669888, 0.62996423), (0.1246308, 0.53403914, 0.34133008), (0.21482402, 0.15659551, 0.62858045), (0.002842361, 0.84972453, 0.14743313), (0.30462953, 0.3052777, 0.39009276), (0.05066722, 0.44485873, 0.50447404), (0.10385275, 0.36515155, 0.5309957), (0.43740842, 0.26165375, 0.30093786), (0.13899013, 0.4843065, 0.37670335), (0.35477197, 0.008045095, 0.63718295)] (
                elementSize = 31
                interpolation = "varying"
            )
        }
    }
}

over "random_vertex"
{
    over "Geom"
    {
        over "Basis_L"
        {
            over "Basis_L_0"
            {
                color3f[] primvars:displayColor = [(0.6219463, 0.2835429, 0.09451087), (0.07575783, 0.09318378, 0.8310584), (0.606094, 0.059268724, 0.33463728), (0.13584982, 0.23199596, 0.6321542), (0.43142837, 0.34032503, 0.2282466), (0.083219044, 0.051436216, 0.86534476), (0.5901164, 0.014405797, 0.3954778)] (
                    elementSize = 7
                    interpolation = "vertex"
                )
            }

            over "Basis_L_1"
            {
                color3f[] primvars:displayColor = [(0.9394738, 0.012858896, 0.04766729), (0.19345579, 0.6204645, 0.18607971), (0.33579212, 0.64224195, 0.021965941), (0.57861286, 0.031606916, 0.3897802), (0.82987577, 0.088717625, 0.081406616), (0.30325827, 0.67084944, 0.025892315), (0.18455039, 0.33966064, 0.47578898)] (
                    elementSize = 7
                    interpolation = "vertex"
                )
            }

            over "Basis_L_2"
            {
                color3f[] primvars:displayColor = [(0.18966518, 0.25568876, 0.5546461), (0.00732862, 0.17912287, 0.8135485), (0.7776157, 0.09679604, 0.12558822), (0.7902659, 0.0021582176, 0.20757589), (0.36813998, 0.3755555, 0.25630453), (0.44700027, 0.033507563, 0.51949215), (0.24733186, 0.60270494, 0.14996321)] (
                    elementSize = 7
                    interpolation = "vertex"
                )
            }

            over "Basis_L_3"
            {
                color3f[] primvars:displayColor = [(0.19897184, 0.3183643, 0.48266387), (0.1338683, 0.54565096, 0.3204807), (0.0023759787, 0.1788535, 0.8187705), (0.6097276, 0.17828949, 0.21198286), (0.63445914, 0.28662464, 0.078916244), (0.4517913, 0.443619, 0.10458968), (0.7809153, 0.17709146, 0.041993212)] (
                    elementSize = 7
                    interpolation = "vertex"
                )
            }

            over "Basis_L_4"
            {
                color3f[] primvars:displayColor = [(0.0013245118, 0.2315964, 0.7670791), (0.44478887, 0.5524305, 0.0027806475), (0.27634892, 0.56302667, 0.16062443), (0.7268808, 0.07347904, 0.19964015), (0.4060794, 0.26674747, 0.3271731), (0.26969987, 0.4717159, 0.25858423), (0.25976366, 0.5983946, 0.14184177)] (
                    elementSize = 7
                    interpolation = "vertex"
                )
            }

            over "Basis_L_5"
            {
                color3f[] primvars:displayColor = [(0.42756325, 0.24431656, 0.32812017), (0.21956334, 0.13783863, 0.64259803), (0.277224, 0.5320858, 0.19069022), (0.08336767, 0.02299999, 0.89363235), (0.62532514, 0.022279194, 0.35239568), (0.1656296, 0.43134633, 0.40302408), (0.41919827, 0.25166768, 0.32913408)] (
                    elementSize = 7
                    interpolation = "vertex"
                )
            }

            over "Basis_L_6"
            {
                color3f[] primvars:displayColor = [(0.1674855, 0.13805425, 0.6944602), (0.057389945, 0.93079364, 0.011816431), (0.06316051, 0.68205744, 0.25478208), (0.30840284, 0.48841268, 0.20318447), (0.12482032, 0.46010208, 0.4150776), (0.118991606, 0.53260845, 0.34839994), (0.68609476, 0.26104906, 0.05285618)] (
                    elementSize = 7
                    interpolation = "vertex"
                )
            }

            over "Basis_L_7"
            {
                color3f[] primvars:displayColor = [(0.17309867, 0.20542319, 0.62147814), (0.20961012, 0.31046364, 0.47992626), (0.26847908, 0.69378227, 0.03773867), (0.34851632, 0.15671085, 0.49477285), (0.050244413, 0.8135267, 0.1362289), (0.5791737, 0.27453682, 0.14628951), (0.023425533, 0.81339663, 0.16317785)] (
                    elementSize = 7
                    interpolation = "vertex"
                )
            }
        }

        over "Basis_R"
        {
            over "Basis_R_0"
            {
                color3f[] primvars:displayColor = [(0.5091445, 0.23457095, 0.2562846), (0.48893195, 0.25830775, 0.2527603), (0.098033376, 0.7504475, 0.15151913), (0.2649795, 0.5875625, 0.14745799), (0.2716188, 0.7025917, 0.025789466), (0.22275919, 0.59333163, 0.18390916), (0.42769268, 0.2350672, 0.3372401)] (
                    elementSize = 7
                    interpolation = "vertex"
                )
            }

            over "Basis_R_1"
            {
                color3f[] primvars:displayColor = [(0.62618047, 0.25591514, 0.11790443), (0.59545225, 0.3249532, 0.07959458), (0.09002114, 0.16702473, 0.74295413), (0.48658, 0.28159794, 0.23182203), (0.58999014, 0.31850868, 0.09150119), (0.037476864, 0.46579677, 0.49672636), (0.28579754, 0.15069379, 0.5635087)] (
                    elementSize = 7
                    interpolation = "vertex"
                )
            }

            over "Basis_R_2"
            {
                color3f[] primvars:displayColor = [(0.4727115, 0.4068948, 0.120393716), (0.47465923, 0.34533012, 0.18001066), (0.14290449, 0.05626112, 0.8008344), (0.1853118, 0.45530996, 0.35937825), (0.5309041, 0.41024813, 0.05884774), (0.51631933, 0.28075546, 0.20292519), (0.6209074, 0.1645482, 0.21454436)] (
                    elementSize = 7
                    interpolation = "vertex"
                )
            }

            over "Basis_R_3"
            {
                color3f[] primvars:displayColor = [(0.29979774, 0.5144473, 0.18575498), (0.007954953, 0.833073, 0.158972), (0.50332224, 0.21665409, 0.2800237), (0.032016203, 0.22656487, 0.7414189), (0.49729055, 0.020848855, 0.4818606), (0.0665506, 0.25403765, 0.67941177), (0.09775247, 0.8789811, 0.023266437)] (
                    elementSize = 7
                    interpolation = "vertex"
                )
            }

            over "Basis_R_4"
            {
                color3f[] primvars:displayColor = [(0.34157687, 0.1567017, 0.50172144), (0.8910834, 0.048547816, 0.06036875), (0.6303384, 0.15655142, 0.21311022), (0.18635488, 0.5051927, 0.3084524), (0.72260606, 0.14797796, 0.129416), (0.14871667, 0.8323924, 0.018890958), (0.036764912, 0.53970635, 0.4235287)] (
                    elementSize = 7
                    interpolation = "vertex"
                )
            }

            over "Basis_R_5"
            {
                color3f[] primvars:displayColor = [(0.57888675, 0.07877598, 0.34233728), (0.16317843, 0.13298154, 0.70384), (0.7291323, 0.23427369, 0.036594037), (0.35102656, 0.22820541, 0.42076802), (0.8509321, 0.037691336, 0.11137652), (0.5487714, 0.27608716, 0.17514144), (0.031987067, 0.25807622, 0.7099367)] (
                    elementSize = 7
                    interpolation = "vertex"
                )
            }

            over "Basis_R_6"
            {
                color3f[] primvars:displayColor = [(0.66572016, 0.3016839, 0.032595925), (0.26918256, 0.5962846, 0.13453282), (0.24254477, 0.42832047, 0.32913476), (0.13876036, 0.078856, 0.7823836), (0.22282818, 0.6031793, 0.17399253), (0.5014926, 0.04923716, 0.44927022), (0.5151479, 0.23855765, 0.24629441)] (
                    elementSize = 7
                    interpolation = "vertex"
                )
            }

            over "Basis_R_7"
            {
                color3f[] primvars:displayColor = [(0.29272777, 0.7034437, 0.0038285344), (0.41466126, 0.37405726, 0.21128148), (0.72624946, 0.18933533, 0.08441519), (0.34176797, 0.4790343, 0.17919771), (0.8830984, 0.031852517, 0.08504903), (0.6341751, 0.2824116, 0.08341327), (0.2306534, 0.5102444, 0.25910214)] (
                    elementSize = 7
                    interpolation = "vertex"
                )
            }
        }

        over "Ground"
        {
            color3f[] primvars:displayColor = [(0.4765008, 0.040337287, 0.48316193), (0.1332406, 0.53692967, 0.32982975), (0.16468757, 0.7913681, 0.043944318), (0.24252112, 0.7384839, 0.01899496), (0.003882979, 0.33559904, 0.660518), (0.083468385, 0.80081683, 0.11571479), (0.29772747, 0.16507028, 0.53720224), (0.91371113, 0.0848441, 0.0014447581), (0.26133436, 0.22228181, 0.5163838), (0.10275147, 0.84631914, 0.050929405), (0.12352006, 0.5323566, 0.3441233), (0.395414, 0.33754328, 0.2670427), (0.07255965, 0.52570826, 0.40173212), (0.5204013, 0.31899238, 0.16060632), (0.3650309, 0.0215926, 0.6133765), (0.80110544, 0.028190123, 0.17070442), (0.018511165, 0.20100726, 0.7804816), (0.15562135, 0.35826394, 0.4861147), (0.49536142, 0.19281985, 0.31181875), (0.14175554, 0.076563895, 0.7816806), (0.17072313, 0.7209544, 0.108322464), (0.38270938, 0.30087256, 0.31641808), (0.55253506, 0.07031013, 0.37715483), (0.30952096, 0.63281095, 0.057668094), (0.16934249, 0.5099661, 0.3206914), (0.49861807, 0.058797438, 0.44258448), (0.023139339, 0.89841473, 0.07844591), (0.6708367, 0.025705073, 0.30345824), (0.53713727, 0.35073975, 0.11212295), (0.8974795, 0.053494323, 0.049026217), (0.31777105, 0.56358576, 0.11864322), (0.4617246, 0.506806, 0.031469382), (0.76781833, 0.049969696, 0.18221195), (0.16577297, 0.15046711, 0.6837599), (0.66973877, 0.05130285, 0.27895838), (0.48872998, 0.031885292, 0.47938472), (0.2145258, 0.30150142, 0.48397276), (0.28209856, 0.54051083, 0.17739062), (0.4804928, 0.05975301, 0.4597542), (0.13051245, 0.40663788, 0.46284968), (0.18961817, 0.3321573, 0.47822452), (0.8038476, 0.12101248, 0.07513992), (0.4954702, 0.17531683, 0.32921296), (0.5352282, 0.23008098, 0.23469083), (0.09448884, 0.5072812, 0.39822996), (0.5021364, 0.47223264, 0.025630949), (0.30729458, 0.05026589, 0.64243954), (0.9240364, 0.023446294, 0.05251732), (0.3583043, 0.46119523, 0.18050048), (0.07035967, 0.8983694, 0.031270955), (0.11119683, 0.24873278, 0.6400704), (0.2643029, 0.52596915, 0.2097279), (0.030786932, 0.121434286, 0.8477788), (0.3236037, 0.40211427, 0.27428204), (0.08910401, 0.18861419, 0.7222818), (0.09417493, 0.58965254, 0.31617254), (0.8429593, 0.11219784, 0.044842895), (0.016664058, 0.62415135, 0.3591846), (0.43931505, 0.36448705, 0.19619791), (0.2969738, 0.3884905, 0.31453574), (0.024072722, 0.82412237, 0.15180491), (0.56403077, 0.25212178, 0.18384744), (0.35242808, 0.38754916, 0.26002276), (0.15813869, 0.7795291, 0.062332224), (0.6303392, 0.1273127, 0.2423481), (0.5363082, 0.14872327, 0.31496847), (0.023947112, 0.6812845, 0.2947684), (0.22790164, 0.70904404, 0.06305432), (0.12604526, 0.31862962, 0.55532515), (0.37903902, 0.27160203, 0.34935895), (0.34634465, 0.6158033, 0.037852086), (0.4881797, 0.1638987, 0.34792158), (0.14365664, 0.36967596, 0.4866674), (0.22882468, 0.22399643, 0.54717886), (0.020561263, 0.6496318, 0.32980692), (0.3699425, 0.10157444, 0.5284831), (0.36533007, 0.48153213, 0.15313777), (0.18669602, 0.7734227, 0.03988128), (0.123824224, 0.38361853, 0.49255726), (0.39918497, 0.50431055, 0.09650448)] (
                elementSize = 80
                interpolation = "vertex"
            )
        }

        over "Volume"
        {
            color3f[] primvars:displayColor = [(0.37708974, 0.551432, 0.07147827), (0.05504615, 0.1422301, 0.80272377), (0.5541242, 0.064264, 0.38161185), (0.74927044, 0.16437155, 0.086358), (0.5821344, 0.1361191, 0.2817465), (0.48909324, 0.5099983, 0.00090845494), (0.17892657, 0.76842684, 0.05264659), (0.14385627, 0.8048002, 0.051343486), (0.31330195, 0.6184683, 0.0682298), (0.3859218, 0.4885221, 0.12555608), (0.31192747, 0.5896103, 0.09846225), (0.0016622304, 0.73150295, 0.26683483), (0.012679009, 0.19377533, 0.79354566), (0.08488512, 0.5718676, 0.3432473), (0.10909339, 0.23551425, 0.65539235), (0.18867902, 0.1949459, 0.6163751), (0.51150185, 0.015579593, 0.47291854), (0.10651002, 0.5812862, 0.3122038), (0.24813238, 0.5783302, 0.1735374), (0.08566973, 0.31452107, 0.59980917), (0.08864004, 0.42860982, 0.48275012), (0.3444069, 0.08711045, 0.56848264), (0.35534668, 0.5596144, 0.08503891), (0.29658818, 0.62439436, 0.07901747), (0.3932761, 0.33053327, 0.27619064), (0.21434401, 0.56993324, 0.21572278), (0.08952029, 0.3166373, 0.5938424), (0.4707714, 0.24204876, 0.28717986), (0.18966074, 0.18477522, 0.62556404), (0.28955793, 0.2591028, 0.45133924), (0.06045583, 0.8459318, 0.09361232), (0.25992444, 0.19127133, 0.5488042), (0.2176545, 0.19796331, 0.5843822), (0.13413773, 0.09325212, 0.7726101), (0.26202905, 0.16566269, 0.5723083), (0.8137177, 0.17187363, 0.014408641), (0.5672551, 0.17593457, 0.25681037), (0.045036696, 0.73812103, 0.21684226), (0.5756947, 0.3869425, 0.03736283), (0.29090777, 0.017604025, 0.6914882), (0.10656679, 0.681567, 0.21186621), (0.108370654, 0.6425254, 0.24910396), (0.028192958, 0.42647353, 0.5453335), (0.2645745, 0.60774744, 0.12767808), (0.7321011, 0.025522012, 0.24237692), (0.27983698, 0.44839215, 0.27177086), (0.14683871, 0.833678, 0.019483255), (0.42563906, 0.23600724, 0.3383537), (0.671436, 0.22480384, 0.10376015), (0.382098, 0.07468466, 0.54321736), (0.52356255, 0.36353588, 0.11290158), (0.42856786, 0.57063866, 0.0007934877), (0.1860728, 0.50706774, 0.30685946), (0.5474491, 0.16942543, 0.2831255), (0.08070782, 0.49851248, 0.4207797), (0.22535938, 0.108019836, 0.6666208), (0.04158962, 0.6261009, 0.33230948), (0.13781604, 0.68016547, 0.18201852), (0.5782665, 0.011586923, 0.41014656), (0.10529173, 0.48724666, 0.4074616), (0.62125, 0.22512992, 0.15362014), (0.08181363, 0.6793036, 0.23888281), (0.61577696, 0.0049712844, 0.37925178), (0.20493503, 0.59598464, 0.19908035), (0.0028692572, 0.6044651, 0.39266562), (0.521368, 0.34517014, 0.13346183), (0.1275459, 0.77301186, 0.099442266), (0.4953495, 0.35320705, 0.15144345), (0.49779108, 0.011290909, 0.490918), (0.073362336, 0.67720294, 0.24943474), (0.6117061, 0.20899501, 0.17929892), (0.3970588, 0.40865445, 0.19428673), (0.3858302, 0.5171194, 0.097050436), (0.6465326, 0.3392305, 0.014236875), (0.63678867, 0.08295578, 0.28025556), (0.48098254, 0.15186556, 0.36715192), (0.29612994, 0.24832197, 0.4555481), (0.27338094, 0.24176458, 0.4848545), (0.08941254, 0.55638635, 0.35420114), (0.22442418, 0.16815229, 0.60742354), (0.640234, 0.03508623, 0.3246798), (0.5354488, 0.16783856, 0.2967127), (0.09220594, 0.5350843, 0.37270978), (0.3971612, 0.10586027, 0.49697852), (0.30900976, 0.6260814, 0.06490885), (0.7684829, 0.009833403, 0.2216837), (0.18704139, 0.011275785, 0.80168283), (0.19776098, 0.68470377, 0.11753526), (0.7329142, 0.0016605412, 0.26542526), (0.0055502923, 0.94728726, 0.04716242), (0.42807916, 0.11916316, 0.45275766), (0.107314125, 0.047598705, 0.8450872)] (
                elementSize = 92
                interpolation = "vertex"
            )
        }

        over "TopBackLeft"
        {
            color3f[] primvars:displayColor = [(0.28061286, 0.2478832, 0.47150394), (0.046225674, 0.8867087, 0.067065634), (0.10327541, 0.23298086, 0.66374373), (0.247881, 0.23232444, 0.5197946), (0.3982019, 0.29348126, 0.30831683), (0.46869284, 0.21760646, 0.3137007), (0.1382272, 0.4955636, 0.3662092), (0.54235655, 0.1549651, 0.30267835)] (
                elementSize = 8
                interpolation = "vertex"
            )
        }

        over "TopFrontLeft"
        {
            color3f[] primvars:displayColor = [(0.64139444, 0.039230533, 0.31937507), (0.028461788, 0.6043926, 0.3671456), (0.54934555, 0.010336432, 0.440318), (0.24568507, 0.27595448, 0.47836044), (0.34645426, 0.4468915, 0.20665425), (0.30528036, 0.12669735, 0.5680223), (0.3982979, 0.42715573, 0.17454636), (0.21773109, 0.29322073, 0.4890482), (0.34335482, 0.29511198, 0.3615332), (0.05022718, 0.8545908, 0.095182024), (0.6022202, 0.39465302, 0.0031268178), (0.445919, 0.3291743, 0.22490667), (0.5548517, 0.09064158, 0.35450673), (0.32529706, 0.14082687, 0.53387606), (0.027738472, 0.67520213, 0.29705942), (0.5720076, 0.12165994, 0.30633247), (0.32351932, 0.10210851, 0.5743722), (0.06802635, 0.4578705, 0.47410312), (0.12678035, 0.7283748, 0.14484484), (0.5620151, 0.22937894, 0.20860595), (0.2683314, 0.14752965, 0.58413893), (0.38675454, 0.5059282, 0.10731723), (0.5013364, 0.47704512, 0.021618495), (0.051432844, 0.4315778, 0.51698935), (0.5286371, 0.11685088, 0.354512), (0.46468693, 0.04356029, 0.49175277), (0.5418007, 0.02823259, 0.42996675), (0.52750295, 0.07987607, 0.39262098), (0.7333828, 0.2110555, 0.05556165), (0.31553358, 0.58979446, 0.09467198), (0.9079982, 0.07683964, 0.015162147), (0.6089339, 0.0698477, 0.32121837), (0.36190337, 0.20363821, 0.43445843), (0.49359968, 0.055637997, 0.45076233), (0.33696446, 0.45837632, 0.20465924), (0.52538407, 0.018261874, 0.45635408), (0.115745485, 0.6570792, 0.2271753), (0.094220854, 0.023475086, 0.8823041), (0.07802738, 0.28451094, 0.63746166), (0.08170816, 0.6368306, 0.28146118), (0.2861967, 0.26334625, 0.45045704), (0.20189624, 0.22317876, 0.574925), (0.13568267, 0.42092243, 0.4433949), (0.277906, 0.40495893, 0.31713507), (0.042033087, 0.5461009, 0.411866), (0.37972137, 0.42606056, 0.19421808), (0.6671925, 0.14768599, 0.1851215), (0.32276738, 0.51764184, 0.15959081), (0.070670925, 0.5845868, 0.3447423), (0.5846608, 0.10769937, 0.30763978), (0.4337921, 0.087893784, 0.4783141), (0.15734906, 0.6790646, 0.16358635), (0.0034855613, 0.2880056, 0.70850885), (0.2216161, 0.29329884, 0.48508507), (0.41380087, 0.34566283, 0.24053629), (0.23508418, 0.13071537, 0.63420045), (0.061119944, 0.28759488, 0.6512852), (0.46401626, 0.46080446, 0.07517929), (0.104425594, 0.88628405, 0.009290341), (0.040091787, 0.7271344, 0.23277383), (0.5695747, 0.06499748, 0.36542782), (0.041336365, 0.14322056, 0.8154431), (0.3572443, 0.21023023, 0.43252546), (0.34920081, 0.22212136, 0.42867783), (0.39452842, 0.348995, 0.25647658), (0.48048908, 0.042437468, 0.47707343), (0.66204476, 0.19016805, 0.1477872), (0.06780814, 0.3772976, 0.55489427), (0.24137276, 0.038418874, 0.72020835), (0.3491308, 0.16639136, 0.48447785), (0.58533823, 0.24714993, 0.16751184), (0.7124926, 0.066625476, 0.22088197), (0.06562401, 0.43580645, 0.49856955), (0.06095451, 0.5216721, 0.41737333), (0.27930075, 0.072592504, 0.64810675), (0.69713676, 0.02705641, 0.27580684), (0.5671037, 0.07576226, 0.35713407), (0.39047125, 0.4093103, 0.20021842), (0.29259938, 0.20046519, 0.5069354), (0.056239054, 0.3792103, 0.56455064), (0.2247616, 0.54979014, 0.22544827), (0.07944496, 0.90253705, 0.018018)] (
                elementSize = 82
                interpolation = "vertex"
            )
        }

        over "TopBackRight"
        {
            color3f[] primvars:displayColor = [(0.09661274, 0.38842037, 0.5149669), (0.089041755, 0.538119, 0.3728392), (0.446114, 0.2061526, 0.34773338), (0.7229853, 0.052629583, 0.2243851), (0.43643683, 0.27227184, 0.29129133), (0.21642451, 0.20934494, 0.57423055), (0.16949593, 0.13047498, 0.7000291), (0.08862087, 0.13932899, 0.77205014), (0.300433, 0.12225898, 0.577308), (0.5529425, 0.35101035, 0.09604715), (0.32368222, 0.15976506, 0.5165527), (0.12998481, 0.32619953, 0.5438157), (0.35866663, 0.40780383, 0.23352952), (0.32876277, 0.19521293, 0.47602433), (0.83325446, 0.112735145, 0.05401042), (0.6984438, 0.15227772, 0.14927849), (0.022808427, 0.7799607, 0.19723088), (0.19059731, 0.77022946, 0.039173227), (0.16403204, 0.09833428, 0.73763365), (0.32049814, 0.40230075, 0.27720112), (0.2972857, 0.29510167, 0.40761262), (0.22357151, 0.45804122, 0.31838727), (0.11219605, 0.35441452, 0.53338945), (0.2531234, 0.46435937, 0.2825172), (0.5004528, 0.3242353, 0.1753119), (0.14950606, 0.65890104, 0.19159289), (0.04781438, 0.78878075, 0.1634049), (0.020584727, 0.8525993, 0.12681596), (0.39712864, 0.37108314, 0.23178822), (0.6357052, 0.024562603, 0.33973223), (0.24749003, 0.6548603, 0.097649634), (0.11450071, 0.3371583, 0.548341), (0.34150535, 0.62013096, 0.038363706), (0.5080777, 0.25345045, 0.23847187), (0.34982666, 0.46811256, 0.18206076), (0.004278927, 0.2546332, 0.74108785), (0.08245192, 0.2956844, 0.62186366), (0.07158086, 0.66576976, 0.2626494), (0.1248495, 0.21755038, 0.6576001), (0.48131144, 0.13867582, 0.38001272), (0.21992055, 0.19540063, 0.5846788), (0.3543855, 0.3737663, 0.2718482)] (
                elementSize = 42
                interpolation = "vertex"
            )
        }

        over "TopFrontRight"
        {
            color3f[] primvars:displayColor = [(0.50131357, 0.40593097, 0.09275546), (0.043511286, 0.046391595, 0.9100971), (0.09540132, 0.03851512, 0.86608356), (0.15503496, 0.56453156, 0.28043348), (0.17251529, 0.7925823, 0.034902427), (0.07499788, 0.5596409, 0.36536124), (0.4366643, 0.4968969, 0.06643879), (0.16917239, 0.26883817, 0.5619894), (0.14680448, 0.18480906, 0.66838646), (0.6496914, 0.2786372, 0.0716714), (0.11447795, 0.47601724, 0.40950483), (0.7617851, 0.06584102, 0.17237388), (0.42346513, 0.52915287, 0.047381982), (0.00014580945, 0.25264147, 0.7472127), (0.45735812, 0.035678696, 0.5069632), (0.8231426, 0.15218356, 0.024673842), (0.10583006, 0.4369743, 0.45719567), (0.11281924, 0.66135436, 0.2258264), (0.28644705, 0.035747346, 0.6778056), (0.2678828, 0.13778958, 0.5943276), (0.23932981, 0.66380376, 0.09686644), (0.18094395, 0.41723704, 0.40181902), (0.19504263, 0.6851726, 0.11978474), (0.23902822, 0.16411701, 0.5968548), (0.41439798, 0.03869183, 0.54691017), (0.3964087, 0.42800093, 0.17559037), (0.08266962, 0.5343845, 0.3829459), (0.09962878, 0.24538162, 0.6549896), (0.47949642, 0.21427986, 0.3062237), (0.30825973, 0.068782926, 0.62295735), (0.025380654, 0.6895504, 0.28506893)] (
                elementSize = 31
                interpolation = "vertex"
            )
        }
    }
}

over "random_faceVarying"
{
    over "Geom"
    {
        over "Ground"
        {
            color3f[] primvars:displayColor = [(0.16506477, 0.7718743, 0.06306093), (0.27006304, 0.29842564, 0.43151128), (0.32475773, 0.38374978, 0.2914925), (0.13697946, 0.73169065, 0.13132992), (0.28169596, 0.10944092, 0.6088631), (0.039340302, 0.18863837, 0.77202135), (0.08758778, 0.32717374, 0.5852385), (0.52016485, 0.4473994, 0.03243571), (0.6451107, 0.22240047, 0.13248883), (0.5674588, 0.058129817, 0.37441134), (0.01674803, 0.05794218, 0.9253098), (0.005898835, 0.69637054, 0.29773062), (0.1214665, 0.51732844, 0.36120504), (0.0071387654, 0.58106446, 0.41179678), (0.072004475, 0.058330882, 0.86966467), (0.6377475, 0.06616698, 0.29608548), (0.015532329, 0.4316204, 0.55284727), (0.63085985, 0.061458446, 0.30768168), (0.20880504, 0.58333164, 0.20786332), (0.11322931, 0.12336401, 0.7634067), (0.5154935, 0.10198514, 0.38252133), (0.65211326, 0.0049321842, 0.34295458), (0.40601644, 0.0058299797, 0.5881536), (0.5434978, 0.28669292, 0.16980928), (0.43167898, 0.37631622, 0.1920048), (0.1338859, 0.4744317, 0.3916824), (0.80704015, 0.17691277, 0.016047044), (0.54106784, 0.42467928, 0.034252886), (0.43408057, 0.43669587, 0.12922354), (0.239397, 0.12444019, 0.6361628), (0.24172021, 0.68915063, 0.06912914), (0.62468195, 0.3208781, 0.05443997), (0.611442, 0.056438103, 0.33211988), (0.20812804, 0.2438255, 0.54804647), (0.0664172, 0.5612104, 0.3723724), (0.44866967, 0.46847573, 0.08285459), (0.4681247, 0.42945373, 0.10242159), (0.5524658, 0.20726624, 0.24026795), (0.10028523, 0.7418386, 0.1578762), (0.009665617, 0.80045116, 0.1898832), (0.29647976, 0.6591188, 0.044401463), (0.40726885, 0.40196252, 0.19076863), (0.5228571, 0.26315206, 0.21399082), (0.05345034, 0.22802383, 0.7185258), (0.0011175957, 0.08737761, 0.9115048), (0.6858405, 0.011533325, 0.30262622), (0.12186703, 0.27028129, 0.6078517), (0.40136287, 0.40724018, 0.19139694), (0.055486325, 0.04861412, 0.89589953), (0.5010571, 0.32267797, 0.17626494), (0.43022555, 0.1580665, 0.41170797), (0.30487773, 0.03732031, 0.657802), (0.022813989, 0.12116342, 0.8560226), (0.32983953, 0.03428425, 0.63587624), (0.3205177, 0.13394183, 0.5455405), (0.60528046, 0.091191635, 0.30352792), (0.6276365, 0.073411345, 0.29895216), (0.065409526, 0.30783644, 0.62675405), (0.48329613, 0.044811625, 0.47189224), (0.65091014, 0.12047357, 0.22861631), (0.29280204, 0.20859985, 0.4985981), (0.5238228, 0.36196202, 0.11421518), (0.2593696, 0.3944846, 0.34614578), (0.35216025, 0.5373917, 0.11044801), (0.65027434, 0.349371, 0.00035466717), (0.80507773, 0.17117266, 0.023749605), (0.006643119, 0.9272185, 0.06613841), (0.3687015, 0.38342527, 0.24787326), (0.2525205, 0.6448506, 0.10262887), (0.19044214, 0.6482886, 0.16126925), (0.21838921, 0.5824161, 0.1991947), (0.71678525, 0.27826062, 0.004954147), (0.35026827, 0.2936254, 0.3561063), (0.46314862, 0.08481713, 0.45203424), (0.10718609, 0.7306123, 0.16220166), (0.2933547, 0.25775635, 0.44888896), (0.16809708, 0.5624285, 0.26947445), (0.19293463, 0.7991364, 0.0079289675), (0.21196258, 0.6410112, 0.14702623), (0.5365753, 0.2847736, 0.17865111), (0.4127527, 0.3487439, 0.23850343), (0.2972888, 0.08445436, 0.61825687), (0.3699953, 0.23025545, 0.39974925), (0.09309311, 0.05739969, 0.8495072), (0.4059925, 0.3612652, 0.23274228), (0.049227692, 0.16550972, 0.7852626), (0.44396222, 0.3743794, 0.1816584), (0.5217587, 0.026258526, 0.4519828), (0.21849638, 0.081591666, 0.69991195), (0.76689595, 0.029765105, 0.20333895), (0.49815446, 0.06028296, 0.44156256), (0.7701135, 0.16925856, 0.06062788), (0.6508166, 0.10058834, 0.24859501), (0.682065, 0.10829162, 0.20964336), (0.43792406, 0.35474095, 0.20733498), (0.43677217, 0.54915094, 0.014076879), (0.43215054, 0.1332222, 0.43462723), (0.29460856, 0.4189491, 0.28644234), (0.015407085, 0.1672479, 0.817345), (0.3078292, 0.20489816, 0.48727265), (0.07976611, 0.7402571, 0.1799768), (0.0632707, 0.15364824, 0.78308105), (0.691795, 0.08464275, 0.22356227), (0.5919651, 0.24798237, 0.16005257), (0.3464017, 0.3503358, 0.3032625), (0.21566674, 0.43617958, 0.34815368), (0.38782287, 0.42294684, 0.1892303), (0.3301591, 0.118440546, 0.55140036), (0.38651043, 0.056610294, 0.5568793), (0.06355562, 0.6009744, 0.33547002), (0.18579692, 0.5898542, 0.2243489), (0.10762851, 0.113045424, 0.7793261), (0.16859025, 0.0049898494, 0.8264199), (0.61509, 0.14603649, 0.23887347), (0.43275386, 0.088112585, 0.47913355), (0.06962966, 0.05094613, 0.8794242), (0.16915461, 0.40131012, 0.42953527), (0.51928943, 0.16101454, 0.31969604), (0.29382965, 0.44192082, 0.26424956), (0.2818236, 0.34252584, 0.37565053), (0.266207, 0.39226812, 0.3415249), (0.3549484, 0.050081793, 0.5949698), (0.08370683, 0.55946094, 0.35683224), (0.12235685, 0.34484953, 0.53279364), (0.16294453, 0.17501697, 0.6620385), (0.5932382, 0.2550922, 0.1516696), (0.2027732, 0.10712559, 0.6901012), (0.79236656, 0.13055186, 0.077081546), (0.23319808, 0.55983174, 0.20697017), (0.18052459, 0.39717662, 0.4222988), (0.1276696, 0.6679356, 0.20439477), (0.016855152, 0.54205596, 0.44108886), (0.248802, 0.13385731, 0.6173407), (0.34234327, 0.46088877, 0.19676797), (0.16801268, 0.28556937, 0.54641795), (0.26447546, 0.15122066, 0.5843039), (0.15674315, 0.39143828, 0.45181856), (0.42899278, 0.497696, 0.073311225), (0.07947772, 0.68538696, 0.2351353), (0.11304803, 0.8481152, 0.038836766), (0.22601229, 0.2242184, 0.54976934), (0.6845065, 0.2855495, 0.029944027), (0.00857525, 0.49907804, 0.4923467), (0.35030916, 0.5492413, 0.10044953), (0.68845093, 0.0065128175, 0.30503622), (0.5524574, 0.021520719, 0.4260219), (0.2310853, 0.073656164, 0.69525856), (0.006503656, 0.90956163, 0.083934724), (0.0945282, 0.40037486, 0.505097), (0.082762286, 0.59519845, 0.32203928), (0.015091994, 0.021923527, 0.9629845), (0.35829058, 0.25724772, 0.3844617), (0.20544752, 0.12960592, 0.66494656), (0.042891797, 0.6395645, 0.3175437), (0.28803092, 0.059946243, 0.65202284), (0.12846565, 0.12088374, 0.7506506), (0.27832815, 0.43382147, 0.28785038), (0.0134358, 0.59952676, 0.38703746), (0.3477858, 0.37927148, 0.27294275), (0.9372464, 0.018073386, 0.04468022), (0.88233924, 0.11097473, 0.0066860393), (0.4267425, 0.021135973, 0.5521215), (0.053767163, 0.5115653, 0.43466753), (0.29420465, 0.3182594, 0.38753596), (0.5844156, 0.13978253, 0.27580184), (0.018063318, 0.67244124, 0.30949548), (0.88416, 0.070939966, 0.044900026), (0.1848953, 0.07335429, 0.7417504), (0.09530768, 0.64642835, 0.25826395), (0.037441544, 0.25354964, 0.7090088), (0.0042808857, 0.021157252, 0.97456187), (0.523006, 0.17610423, 0.30088976), (0.42042717, 0.41910714, 0.1604657), (0.1902233, 0.70497227, 0.10480443), (0.5209535, 0.21195951, 0.26708704), (0.4683239, 0.45742825, 0.07424787), (0.3245637, 0.60214984, 0.073286444), (0.58682173, 0.24583516, 0.1673431), (0.54178107, 0.26775104, 0.19046792), (0.61470824, 0.118090354, 0.26720142), (0.25427213, 0.4205892, 0.32513866), (0.09485433, 0.20634542, 0.69880027), (0.77502155, 0.15039107, 0.07458739), (0.5892555, 0.032210786, 0.3785337), (0.035892207, 0.25842732, 0.7056805), (0.2119564, 0.025171736, 0.76287186), (0.43878356, 0.35682935, 0.20438711), (0.7612907, 0.013720048, 0.22498922), (0.34869817, 0.5132032, 0.13809863), (0.09648941, 0.632846, 0.27066457), (0.40654346, 0.16119935, 0.43225718), (0.13098584, 0.55402935, 0.31498483), (0.6544751, 0.27095717, 0.07456776), (0.06260684, 0.03549654, 0.9018966), (0.47069404, 0.28538722, 0.24391873), (0.76763445, 0.1473372, 0.08502836), (0.007449458, 0.14431734, 0.8482332), (0.5457625, 0.22900584, 0.2252317), (0.17831656, 0.4343044, 0.38737905), (0.7244398, 0.12565489, 0.14990531), (0.688151, 0.27775356, 0.034095455), (0.020573245, 0.26993537, 0.7094914), (0.0763852, 0.33580288, 0.58781195), (0.09246968, 0.60461867, 0.30291164), (0.4198366, 0.5255995, 0.054563925), (0.005656659, 0.3742374, 0.6201059), (0.08446236, 0.22957991, 0.68595773), (0.104214676, 0.69472957, 0.20105575), (0.2647463, 0.6195801, 0.115673624), (0.48756552, 0.50936383, 0.0030706744), (0.50081617, 0.43053567, 0.0686482), (0.13858804, 0.6279801, 0.23343182), (0.012698097, 0.90687907, 0.08042281), (0.0749657, 0.8520818, 0.072952546), (0.0021901408, 0.08065016, 0.9171597), (0.22302058, 0.381073, 0.39590642), (0.4251697, 0.45404503, 0.12078527), (0.9132583, 0.017291162, 0.06945054), (0.08184121, 0.7568732, 0.1612856), (0.00706116, 0.51722723, 0.4757116), (0.11748065, 0.6076034, 0.27491596), (0.32058454, 0.6735763, 0.0058391835), (0.2281507, 0.32291883, 0.44893047), (0.14435649, 0.80487746, 0.050766032), (0.73001707, 0.21366374, 0.056319173), (0.36619297, 0.19873102, 0.43507603), (0.5535853, 0.102870144, 0.34354454), (0.053388342, 0.69570565, 0.250906), (0.109137274, 0.32654035, 0.56432235), (0.82957274, 0.1075869, 0.062840335), (0.6260672, 0.36440787, 0.009524915), (0.06855542, 0.51742214, 0.41402245), (0.11484886, 0.87959695, 0.005554179), (0.41906214, 0.15317248, 0.42776537), (0.63142574, 0.20193198, 0.16664228), (0.56118006, 0.1303713, 0.30844867), (0.112823054, 0.4967931, 0.39038387), (0.52660346, 0.24756743, 0.22582911), (0.12202475, 0.68163383, 0.19634141), (0.49479628, 0.3432018, 0.16200195), (0.6659031, 0.0812316, 0.25286528), (0.8210073, 0.020541675, 0.15845099), (0.012653378, 0.17871815, 0.8086285), (0.043295108, 0.299227, 0.6574779), (0.7499247, 0.07599255, 0.17408274), (0.30170837, 0.56970763, 0.12858401), (0.32083762, 0.35221064, 0.3269517), (0.2741071, 0.2982381, 0.4276548), (0.45375448, 0.06469062, 0.4815549), (0.29695055, 0.37556267, 0.32748678), (0.2504855, 0.29147327, 0.45804122), (0.086495966, 0.7573099, 0.15619414)] (
                elementSize = 252
                interpolation = "faceVarying"
            )
        }

        over "Volume"
        {
            color3f[] primvars:displayColor = [(0.05959908, 0.16313569, 0.77726525), (0.16919065, 0.80365026, 0.027159063), (0.6773744, 0.0038410083, 0.3187846), (0.7446312, 0.20902546, 0.046343397), (0.038629364, 0.7058002, 0.25557044), (0.062521204, 0.42778605, 0.5096927), (0.5227724, 0.01165122, 0.46557638), (0.44411555, 0.4830078, 0.072876655), (0.36109647, 0.5236551, 0.115248375), (0.5261457, 0.26551118, 0.2083431), (0.6303044, 0.36316904, 0.0065265545), (0.17904823, 0.12178037, 0.6991714), (0.41635165, 0.17344078, 0.41020757), (0.24544896, 0.07738546, 0.67716557), (0.24025624, 0.2679829, 0.49176085), (0.23770882, 0.2869848, 0.47530636), (0.05674731, 0.4603717, 0.482881), (0.18022887, 0.6413118, 0.1784593), (0.035577424, 0.2701579, 0.69426465), (0.28147855, 0.278483, 0.44003844), (0.693345, 0.2798107, 0.02684426), (0.6314435, 0.0922436, 0.2763129), (0.170243, 0.7500048, 0.07975219), (0.32230702, 0.518087, 0.15960594), (0.3104434, 0.41935998, 0.27019662), (0.18993092, 0.7026427, 0.10742641), (0.13533777, 0.77297014, 0.091692105), (0.0648554, 0.0049296203, 0.930215), (0.31968454, 0.66801935, 0.012296104), (0.086429074, 0.8303372, 0.08323372), (0.38724, 0.058242638, 0.5545174), (0.011440099, 0.490145, 0.4984149), (0.061299086, 0.75858486, 0.18011603), (0.5108438, 0.41062382, 0.07853236), (0.5046554, 0.16075157, 0.334593), (0.43637183, 0.41289964, 0.15072851), (0.091315836, 0.6509581, 0.257726), (0.19319823, 0.60496414, 0.20183763), (0.34860474, 0.33898747, 0.31240776), (0.6802053, 0.18438533, 0.13540938), (0.37522668, 0.5676167, 0.057156637), (0.124601744, 0.04197738, 0.8334209), (0.21930139, 0.7147294, 0.06596917), (0.25561208, 0.30780408, 0.43658388), (0.3789044, 0.052692726, 0.5684029), (0.27363256, 0.58558524, 0.14078224), (0.13608474, 0.8291227, 0.034792554), (0.21212426, 0.30880094, 0.4790748), (0.4151631, 0.42490685, 0.15993007), (0.15461299, 0.084981315, 0.7604057), (0.81547105, 0.026460577, 0.15806839), (0.41956383, 0.37689996, 0.20353624), (0.6001826, 0.3835068, 0.016310586), (0.25591314, 0.20568085, 0.538406), (0.22986566, 0.30105808, 0.46907628), (0.3503309, 0.2740837, 0.3755854), (0.16566138, 0.3427607, 0.4915779), (0.112645954, 0.437815, 0.44953904), (0.041934114, 0.29653168, 0.6615342), (0.017851794, 0.8137911, 0.16835709), (0.55233574, 0.15638897, 0.2912753), (0.20014495, 0.123639904, 0.6762152), (0.24573562, 0.3905567, 0.3637077), (0.6854372, 0.20303226, 0.111530565), (0.09553302, 0.8090075, 0.09545946), (0.7403849, 0.22170821, 0.037906922), (0.298922, 0.14491528, 0.5561627), (0.17897701, 0.8100963, 0.010926697), (0.69634926, 0.022328086, 0.28132263), (0.567291, 0.38159865, 0.05111031), (0.48115858, 0.5162056, 0.0026357886), (0.33878917, 0.6339913, 0.027219567), (0.6979443, 0.12045148, 0.18160427), (0.47278532, 0.35131025, 0.17590442), (0.46891785, 0.3124367, 0.21864544), (0.18719333, 0.034740016, 0.77806664), (0.118390396, 0.64872617, 0.23288345), (0.06732237, 0.9266716, 0.0060059894), (0.09274885, 0.20859869, 0.69865245), (0.10833176, 0.8055253, 0.08614292), (0.35714546, 0.4801514, 0.16270311), (0.17374319, 0.6825566, 0.14370017), (0.55453587, 0.19504952, 0.25041458), (0.3111677, 0.07426187, 0.61457044), (0.40273616, 0.23154446, 0.36571938), (0.055978823, 0.3640883, 0.57993287), (0.48437372, 0.22853668, 0.2870896), (0.06118994, 0.14002888, 0.7987812), (0.41930625, 0.3479934, 0.23270035), (0.105654664, 0.12546422, 0.7688811), (0.51296896, 0.41159666, 0.075434394), (0.0213331, 0.48867676, 0.48999014), (0.68347186, 0.1909036, 0.12562455), (0.27654082, 0.5289831, 0.19447605), (0.23457767, 0.5673739, 0.19804843), (0.22438799, 0.3241965, 0.4514155), (0.81371576, 0.0039051857, 0.18237904), (0.20943215, 0.3495975, 0.44097036), (0.35915658, 0.35408583, 0.2867576), (0.504604, 0.37848538, 0.11691062), (0.4535749, 0.07679635, 0.46962875), (0.23464717, 0.1143705, 0.6509823), (0.030907238, 0.43450105, 0.5345917), (0.44806105, 0.030313099, 0.5216259), (0.0586456, 0.380839, 0.5605154), (0.5306728, 0.37483093, 0.09449627), (0.5595867, 0.26753056, 0.17288274), (0.6840844, 0.17915392, 0.13676168), (0.015912926, 0.35422948, 0.6298576), (0.039528374, 0.046685476, 0.9137862), (0.16553465, 0.5682615, 0.26620385), (0.0690113, 0.43665507, 0.49433362), (0.046431776, 0.5263846, 0.42718366), (0.14221278, 0.4848394, 0.3729478), (0.65158695, 0.10580145, 0.24261162), (0.70336956, 0.1052811, 0.19134936), (0.48809773, 0.3891411, 0.12276116), (0.48514152, 0.16811009, 0.3467484), (0.28973022, 0.05094512, 0.65932465), (0.17450184, 0.7606137, 0.064884506), (0.38278428, 0.09500519, 0.52221054), (0.20991579, 0.29026172, 0.4998225), (0.056925554, 0.5840029, 0.35907152), (0.23646806, 0.43197462, 0.3315573), (0.074528955, 0.3030288, 0.62244225), (0.73587203, 0.11936447, 0.14476347), (0.15571527, 0.2698388, 0.5744459), (0.47665387, 0.19949737, 0.32384875), (0.17471056, 0.7557406, 0.06954886), (0.23633367, 0.36220017, 0.40146616), (0.030040894, 0.5877611, 0.382198), (0.15847117, 0.7313232, 0.110205665), (0.5159484, 0.1468636, 0.337188), (0.05773521, 0.22687346, 0.71539134), (0.9330781, 0.023556903, 0.043365005), (0.20413369, 0.68564284, 0.11022349), (0.8517623, 0.033806875, 0.11443081), (0.53422874, 0.11313813, 0.35263315), (0.5198287, 0.398332, 0.08183934), (0.31073913, 0.03507256, 0.6541883), (0.19356106, 0.39251852, 0.4139204), (0.6696549, 0.1528057, 0.17753942), (0.25205636, 0.45710853, 0.2908351), (0.7500956, 0.13912453, 0.11077988), (0.1433019, 0.46442136, 0.39227676), (0.92120385, 0.060402825, 0.018393328), (0.07312755, 0.8292377, 0.09763477), (0.035255387, 0.050092876, 0.91465175), (0.38702512, 0.5670227, 0.045952223), (0.044607915, 0.1131888, 0.84220326), (0.3514706, 0.09655098, 0.5519784), (0.2028921, 0.13360737, 0.66350055), (0.7724669, 0.0077571752, 0.21977593), (0.5416319, 0.15070081, 0.30766734), (0.46308732, 0.45697832, 0.079934366), (0.7760916, 0.2188955, 0.005012914), (0.3709016, 0.089864, 0.5392344), (0.038307298, 0.3758413, 0.58585143), (0.1579713, 0.7687354, 0.073293276), (0.07974076, 0.87694144, 0.043317806), (0.1548998, 0.84082144, 0.0042787786), (0.78279126, 0.15758984, 0.05961888), (0.28912616, 0.44015598, 0.27071786), (0.0081046475, 0.35347146, 0.6384239), (0.43691498, 0.4097967, 0.1532883), (0.035465807, 0.00054417044, 0.96399003), (0.20847945, 0.6835472, 0.107973345), (0.24699113, 0.14604282, 0.606966), (0.3255429, 0.34441236, 0.33004475), (0.41718858, 0.10101097, 0.48180044), (0.56906456, 0.33265433, 0.09828112), (0.32084042, 0.31821904, 0.36094052), (0.15240544, 0.010592645, 0.8370019), (0.19922745, 0.15599571, 0.6447768), (0.1294921, 0.19404884, 0.6764591), (0.3152878, 0.29712605, 0.38758615), (0.09963605, 0.83583385, 0.06453013), (0.0054770005, 0.1242643, 0.8702587), (0.33592921, 0.417674, 0.24639678), (0.14048252, 0.19116755, 0.6683499), (0.65631616, 0.3237529, 0.019930918), (0.23076229, 0.3403898, 0.42884794), (0.28178483, 0.3356714, 0.38254377), (0.8137724, 0.05122939, 0.1349982), (0.007062025, 0.65197724, 0.3409607), (0.26457492, 0.6478735, 0.087551534), (0.47020698, 0.30741435, 0.22237867), (0.57193327, 0.40470597, 0.02336078), (0.49627447, 0.25357592, 0.2501496), (0.13095842, 0.8152967, 0.053744856), (0.21759734, 0.69851077, 0.08389192), (0.2593974, 0.509286, 0.23131666), (0.06450882, 0.8010282, 0.134463), (0.38560277, 0.006401437, 0.6079958), (0.79047817, 0.05642268, 0.15309918), (0.29062122, 0.38538188, 0.3239969), (0.19276805, 0.34558573, 0.46164623), (0.0068551674, 0.5957586, 0.39738622), (0.13427734, 0.2158376, 0.64988506), (0.41150168, 0.5214593, 0.067039035), (0.14531632, 0.3122123, 0.5424714), (0.42387602, 0.4926503, 0.08347366), (0.2021994, 0.6388953, 0.15890533), (0.80283904, 0.034232333, 0.16292861), (0.8495045, 0.14280897, 0.0076865605), (0.22121662, 0.24566896, 0.53311443), (0.07704831, 0.3178122, 0.6051395), (0.28216657, 0.31275144, 0.405082), (0.6165485, 0.29802936, 0.085422166), (0.18582553, 0.013001742, 0.80117273), (0.53488064, 0.44817105, 0.016948288), (0.32977876, 0.577959, 0.092262216), (0.17893611, 0.39248395, 0.42857993), (0.055741042, 0.93431777, 0.009941204), (0.07300629, 0.79653424, 0.13045944), (0.22742125, 0.1849349, 0.58764386), (0.0011164059, 0.7403931, 0.25849047), (0.816665, 0.12527373, 0.05806129), (0.1099748, 0.11906039, 0.7709648), (0.46462098, 0.17490682, 0.3604722), (0.64522207, 0.054109216, 0.30066872), (0.060303044, 0.88550216, 0.054194823), (0.15286742, 0.6549243, 0.19220833), (0.29836366, 0.55052817, 0.15110819), (0.21200648, 0.21487822, 0.5731153), (0.5298007, 0.25786287, 0.21233642), (0.47821295, 0.012014493, 0.50977254), (0.5723169, 0.39063442, 0.037048724), (0.029692637, 0.7446478, 0.22565953), (0.2888203, 0.7081131, 0.0030666082), (0.057035454, 0.7309903, 0.21197425), (0.70189667, 0.28776333, 0.01034002), (0.35860455, 0.187119, 0.45427644), (0.012923376, 0.6525725, 0.33450413), (0.068191245, 0.2958583, 0.63595045), (0.59934515, 0.17621854, 0.22443633), (0.40110523, 0.26337242, 0.33552235), (0.1056411, 0.050013363, 0.84434557), (0.50276184, 0.033333242, 0.4639049), (0.6839069, 0.08665634, 0.22943677), (0.47604224, 0.50743735, 0.016520383), (0.03624151, 0.6818085, 0.28195), (0.66951984, 0.2389148, 0.091565356), (0.0025968247, 0.5683241, 0.42907906), (0.67298865, 0.2303007, 0.09671065), (0.031386398, 0.49526224, 0.47335136), (0.63354975, 0.15471406, 0.21173622), (0.4909371, 0.3103565, 0.19870639), (0.5913226, 0.17406522, 0.23461217), (0.5575798, 0.09225574, 0.3501644), (0.102962665, 0.12516497, 0.77187234), (0.48116347, 0.35724914, 0.16158737), (0.34078833, 0.64228714, 0.016924536), (0.339336, 0.52517617, 0.13548782), (0.05184467, 0.21512467, 0.7330307), (0.25241095, 0.5603432, 0.18724582), (0.6270862, 0.24467203, 0.12824175), (0.04053323, 0.6476914, 0.31177536), (0.22864927, 0.72830784, 0.043042887), (0.76463807, 0.13661955, 0.09874235), (0.21508685, 0.35622507, 0.42868808), (0.17211388, 0.20960733, 0.6182788), (0.052259434, 0.26977566, 0.6779649), (0.340023, 0.3647606, 0.29521638), (0.009165638, 0.058607653, 0.9322267), (0.24593377, 0.3158366, 0.43822962), (0.14429726, 0.852225, 0.0034777266), (0.80356485, 0.106685154, 0.08974998), (0.36375964, 0.23496574, 0.40127465), (0.13233224, 0.70399916, 0.1636686), (0.31416225, 0.24138643, 0.4444513), (0.29491395, 0.6149286, 0.09015744), (0.40921736, 0.27665922, 0.31412342), (0.003453496, 0.6102914, 0.3862551), (0.6367079, 0.18814732, 0.17514478), (0.06044012, 0.71660656, 0.22295332), (0.035968922, 0.93635386, 0.027677204), (0.48346913, 0.015839046, 0.50069183), (0.6585707, 0.2722223, 0.069207), (0.13032873, 0.59108377, 0.2785875), (0.16100346, 0.1362773, 0.7027193), (0.08579322, 0.031058906, 0.8831479), (0.59035677, 0.14624327, 0.26339993), (0.34696245, 0.4522876, 0.20074992), (0.66126263, 0.3194716, 0.01926576), (0.003791785, 0.79831344, 0.19789478), (0.465439, 0.31864485, 0.21591616), (0.06129857, 0.6774126, 0.2612888), (0.2324556, 0.37152353, 0.3960209), (0.08825657, 0.8090997, 0.10264374), (0.7226213, 0.067599446, 0.20977923), (0.27387488, 0.55426246, 0.17186265), (0.35130504, 0.58999574, 0.05869921), (0.6275843, 0.3001099, 0.07230581), (0.954949, 0.032730587, 0.012320418), (0.6985764, 0.061329745, 0.24009389), (0.018998744, 0.7451143, 0.23588692), (0.08161709, 0.5124962, 0.40588674), (0.12459943, 0.6057699, 0.2696307), (0.17708458, 0.45828304, 0.36463237), (0.14595054, 0.650293, 0.20375648), (0.20218915, 0.5055981, 0.29221272), (0.502504, 0.12481155, 0.37268442), (0.015743641, 0.35513464, 0.6291217), (0.043815214, 0.68989456, 0.2662902), (0.38716945, 0.49623224, 0.11659832), (0.8002797, 0.03363355, 0.16608678), (0.57037973, 0.10883012, 0.32079014), (0.7240947, 0.067023754, 0.20888153), (0.21492659, 0.11566609, 0.6694073), (0.5676596, 0.21538596, 0.21695445), (0.32653007, 0.010936226, 0.6625337), (0.18843922, 0.6677715, 0.14378926), (0.15992665, 0.80668443, 0.033388935), (0.5478569, 0.24262, 0.2095231), (0.5061535, 0.16284768, 0.3309988), (0.22118, 0.30278078, 0.4760392), (0.082197376, 0.77125853, 0.1465441), (0.22733463, 0.40773588, 0.36492947), (0.27176395, 0.43086708, 0.29736897), (0.38157678, 0.1690601, 0.44936314), (0.4067718, 0.38942444, 0.20380373), (0.6797359, 0.27391362, 0.04635045), (0.31682885, 0.32981312, 0.35335803), (0.37820467, 0.12364965, 0.49814567), (0.13598228, 0.104281634, 0.75973606), (0.4253238, 0.020809464, 0.5538667), (0.37581882, 0.5978355, 0.026345685), (0.77412766, 0.09966897, 0.12620336), (0.3786666, 0.23985058, 0.3814828), (0.8223374, 0.06325088, 0.11441176), (0.34655255, 0.09807398, 0.5553735), (0.092814356, 0.68777204, 0.21941362), (0.37377855, 0.03177669, 0.59444475), (0.26781255, 0.6050631, 0.12712435), (0.37040466, 0.09895395, 0.5306414), (0.1881164, 0.51849616, 0.29338744), (0.1389656, 0.54324746, 0.3177869), (0.87318695, 0.03891937, 0.08789367), (0.9618825, 0.036254775, 0.0018627723), (0.20445871, 0.19032268, 0.6052186), (0.052330375, 0.79778993, 0.1498797), (0.5406148, 0.36843297, 0.09095227), (0.85483545, 0.034399252, 0.11076528), (0.26439983, 0.26433778, 0.4712624), (0.7101017, 0.025458107, 0.26444018), (0.3540375, 0.39867595, 0.24728656), (0.57532924, 0.21042049, 0.21425028), (0.7732302, 0.07631189, 0.15045793), (0.45212784, 0.23120318, 0.31666896), (0.26013216, 0.04618712, 0.6936807), (0.5451446, 0.25433952, 0.20051584), (0.69595593, 0.17764807, 0.12639602), (0.5156722, 0.1805648, 0.30376297), (0.5235717, 0.41348138, 0.062946856), (0.025652356, 0.5443469, 0.43000072), (0.08847667, 0.8553984, 0.056124903), (0.5930987, 0.13778642, 0.26911485), (0.026205601, 0.43200698, 0.54178745), (0.32596743, 0.4615239, 0.21250868), (0.04105873, 0.22548158, 0.7334597), (0.24129069, 0.3430922, 0.4156171), (0.1998373, 0.2918572, 0.5083055), (0.41964716, 0.27085844, 0.30949444), (0.30801532, 0.10661259, 0.5853721), (0.51180524, 0.21852396, 0.2696708), (0.738711, 0.25440568, 0.006883333), (0.8065066, 0.07498805, 0.11850539), (0.307469, 0.3827163, 0.30981466), (0.37190908, 0.38563856, 0.24245237), (0.321321, 0.47573867, 0.2029403), (0.40697542, 0.025082076, 0.5679425), (0.29314804, 0.23066123, 0.47619072), (0.096025005, 0.09903237, 0.8049426), (0.30457175, 0.5810083, 0.11441997), (0.80655897, 0.16627245, 0.027168583), (0.27448088, 0.0066938866, 0.7188252), (0.4836432, 0.32182062, 0.1945362), (0.0071836864, 0.965571, 0.027245346), (0.24092965, 0.68876046, 0.070309915)] (
                elementSize = 380
                interpolation = "faceVarying"
            )
        }

        over "TopBackLeft"
        {
            color3f[] primvars:displayColor = [(0.23050919, 0.31998032, 0.44951048), (0.18291686, 0.6479397, 0.16914345), (0.55182314, 0.36624977, 0.08192713), (0.5314587, 0.43141237, 0.03712892), (0.43742836, 0.5249633, 0.037608307), (0.40106156, 0.1081848, 0.49075365), (0.4556442, 0.3585449, 0.18581094), (0.03784116, 0.24086931, 0.7212895), (0.26490805, 0.5304766, 0.20461531), (0.47193345, 0.11068703, 0.4173795), (0.044321008, 0.6740561, 0.28162286), (0.19504522, 0.6459399, 0.15901488), (0.15369461, 0.66178197, 0.1845234), (0.36063614, 0.36213216, 0.2772317), (0.17492402, 0.38098195, 0.44409403), (0.76877856, 0.08445192, 0.14676951), (0.56833243, 0.24337906, 0.18828851), (0.5339708, 0.38185328, 0.084175944), (0.90310603, 0.033427242, 0.063466705), (0.06867923, 0.8264502, 0.10487052), (0.5609244, 0.26244482, 0.17663078), (0.02775259, 0.21487089, 0.7573765), (0.34996682, 0.15604316, 0.49399), (0.025724662, 0.059166543, 0.9151088)] (
                elementSize = 24
                interpolation = "faceVarying"
            )
        }

        over "TopFrontLeft"
        {
            color3f[] primvars:displayColor = [(0.13208164, 0.50142235, 0.36649603), (0.07041663, 0.5093359, 0.42024747), (0.6834873, 0.15565991, 0.16085279), (0.096724525, 0.7528669, 0.15040858), (0.0695302, 0.74394774, 0.18652207), (0.26662055, 0.4278399, 0.30553958), (0.8446332, 0.015555996, 0.13981082), (0.31146136, 0.12296806, 0.5655706), (0.5546151, 0.1154666, 0.3299183), (0.7792424, 0.09380514, 0.12695244), (0.114861436, 0.69184655, 0.193292), (0.035648275, 0.9085953, 0.055756386), (0.3680479, 0.24544975, 0.38650236), (0.56222105, 0.18973811, 0.24804085), (0.21092285, 0.6852951, 0.103782035), (0.10153798, 0.092964865, 0.80549717), (0.6714978, 0.13469145, 0.19381072), (0.5740736, 0.2774809, 0.1484455), (0.09679812, 0.6762416, 0.22696032), (0.70198774, 0.12418387, 0.17382838), (0.15931912, 0.53047043, 0.31021047), (0.16744226, 0.52037776, 0.31217995), (0.088408776, 0.12408707, 0.78750414), (0.1755176, 0.76930124, 0.055181146), (0.49702358, 0.29922295, 0.20375347), (0.95212054, 0.0033490956, 0.044530362), (0.4305194, 0.07790822, 0.49157238), (0.11151797, 0.12816566, 0.7603164), (0.060664624, 0.7328502, 0.20648521), (0.59983486, 0.21853657, 0.18162854), (0.5728202, 0.19382812, 0.23335166), (0.5385888, 0.0042158454, 0.45719534), (0.15953517, 0.51787144, 0.32259342), (0.40255383, 0.2121064, 0.38533977), (0.35466337, 0.26620644, 0.37913015), (0.0021273363, 0.78772503, 0.21014762), (0.21630025, 0.47995526, 0.30374447), (0.60573447, 0.34394562, 0.05031993), (0.22889756, 0.48641345, 0.28468898), (0.8726523, 0.02548685, 0.10186086), (0.25803745, 0.35698032, 0.38498226), (0.560409, 0.28576326, 0.15382771), (0.04382684, 0.92464006, 0.031533096), (0.028283807, 0.42691922, 0.544797), (0.18220474, 0.21820013, 0.5995951), (0.04413801, 0.8130758, 0.14278623), (0.4255735, 0.17226686, 0.40215963), (0.3661394, 0.046775557, 0.587085), (0.71852905, 0.03725938, 0.24421155), (0.24796644, 0.3725643, 0.37946928), (0.4786637, 0.45197314, 0.06936316), (0.353724, 0.53496057, 0.11131539), (0.34154946, 0.4052942, 0.25315633), (0.47874075, 0.07876119, 0.44249806), (0.061622187, 0.9321338, 0.0062439903), (0.09350886, 0.56163293, 0.34485823), (0.07438832, 0.7039839, 0.22162779), (0.39869785, 0.5954685, 0.005833597), (0.062021516, 0.8879161, 0.050062403), (0.28783855, 0.5368526, 0.17530882), (0.026487486, 0.48728776, 0.48622474), (0.10169478, 0.5085833, 0.3897219), (0.36768392, 0.0978406, 0.5344755), (0.14543128, 0.5969095, 0.2576592), (0.8802788, 0.020353047, 0.09936814), (0.47766048, 0.3668914, 0.15544811), (0.2854559, 0.22961877, 0.4849253), (0.013048313, 0.7424732, 0.24447852), (0.19960588, 0.52289474, 0.2774994), (0.41920877, 0.02777206, 0.55301917), (0.2834391, 0.6219722, 0.094588675), (0.37604538, 0.61589456, 0.008060044), (0.025424985, 0.27738678, 0.69718826), (0.8546507, 0.028901992, 0.116447315), (0.06251043, 0.43491626, 0.5025733), (0.50064325, 0.4231268, 0.07622996), (0.5930158, 0.27071822, 0.13626595), (0.12439882, 0.15720041, 0.7184008), (0.15604846, 0.61164606, 0.23230551), (0.3075085, 0.3834353, 0.3090562), (0.3384708, 0.5260323, 0.1354969), (0.6302624, 0.3408172, 0.028920393), (0.630148, 0.1338908, 0.23596123), (0.15764242, 0.83202326, 0.010334293), (0.04520293, 0.3763145, 0.57848257), (0.25169986, 0.57205474, 0.17624542), (0.75498694, 0.2370487, 0.00796435), (0.76658255, 0.18163496, 0.05178248), (0.63176864, 0.01831029, 0.34992108), (0.07578694, 0.8232327, 0.10098036), (0.66044784, 0.32962745, 0.009924729), (0.04668498, 0.65088797, 0.30242705), (0.37757036, 0.46286026, 0.15956938), (0.19131602, 0.23730566, 0.5713783), (0.1727827, 0.06719981, 0.76001745), (0.20994656, 0.70219266, 0.087860756), (0.6544409, 0.14526482, 0.20029429), (0.32763323, 0.5725014, 0.099865384), (0.15257782, 0.32732406, 0.52009815), (0.57715654, 0.27510586, 0.14773758), (0.06637135, 0.82164794, 0.11198072), (0.17251445, 0.34397197, 0.48351356), (0.16600007, 0.23008297, 0.60391694), (0.14676084, 0.4191775, 0.43406165), (0.06628814, 0.29278174, 0.6409301), (0.7803145, 0.16139725, 0.05828823), (0.6978502, 0.063894525, 0.23825528), (0.43991634, 0.38271537, 0.17736827), (0.24698773, 0.29748982, 0.45552245), (0.7660621, 0.04432788, 0.18961005), (0.1872484, 0.11770948, 0.69504213), (0.23021604, 0.0079871435, 0.76179683), (0.65268505, 0.049455766, 0.2978592), (0.274935, 0.50187814, 0.22318687), (0.1884235, 0.09540538, 0.71617115), (0.38088784, 0.4296705, 0.18944165), (0.034146402, 0.9187754, 0.047078215), (0.3623409, 0.5559424, 0.08171672), (0.92373157, 0.041058127, 0.03521028), (0.5212669, 0.3050493, 0.17368382), (0.14732917, 0.60951364, 0.24315718), (0.20839372, 0.44025925, 0.35134703), (0.21544611, 0.45089346, 0.33366042), (0.3771158, 0.39753652, 0.22534771), (0.19500807, 0.41374904, 0.39124292), (0.55785483, 0.14640747, 0.29573768), (0.23635422, 0.33868816, 0.42495763), (0.080122806, 0.22169825, 0.69817895), (0.52739763, 0.22600326, 0.24659911), (0.5960614, 0.083667286, 0.3202713), (0.7688932, 0.007896905, 0.22320989), (0.05984776, 0.87638533, 0.06376693), (0.54168797, 0.13301355, 0.3252985), (0.24161242, 0.45458928, 0.30379832), (0.11552639, 0.5640848, 0.32038876), (0.49475905, 0.2824344, 0.22280654), (0.6157532, 0.10051205, 0.28373477), (0.06753049, 0.8774271, 0.055042382), (0.25870198, 0.14648546, 0.5948126), (0.40349802, 0.42357746, 0.17292452), (0.0016329997, 0.5980553, 0.40031168), (0.08963946, 0.3112072, 0.59915334), (0.7348773, 0.122738734, 0.142384), (0.33185717, 0.52757335, 0.14056948), (0.33680707, 0.62955356, 0.03363936), (0.151442, 0.75325316, 0.0953048), (0.21283913, 0.4841519, 0.30300897), (0.27165973, 0.5208597, 0.20748055), (0.2818007, 0.6193407, 0.098858595), (0.2592791, 0.13705587, 0.603665), (0.013481365, 0.2455237, 0.74099493), (0.0038260038, 0.18294716, 0.8132268), (0.5820877, 0.34333906, 0.07457325), (0.38334745, 0.46938333, 0.1472692), (0.024254454, 0.25230318, 0.7234424), (0.20538217, 0.6698301, 0.12478773), (0.81933755, 0.029146587, 0.15151587), (0.13325606, 0.23777333, 0.6289706), (0.25421858, 0.19461758, 0.55116385), (0.5287172, 0.33557022, 0.13571253), (0.15991147, 0.81452876, 0.025559748), (0.34714133, 0.019251524, 0.63360715), (0.12845238, 0.6008968, 0.27065086), (0.044921815, 0.40298516, 0.552093), (0.23681451, 0.5114119, 0.25177357), (0.22619052, 0.23042095, 0.54338855), (0.17563711, 0.124384925, 0.699978), (0.65878826, 0.06270428, 0.27850747), (0.47884482, 0.06407154, 0.45708364), (0.052007705, 0.7788654, 0.16912691), (0.11048349, 0.7167835, 0.172733), (0.30112857, 0.5399124, 0.15895906), (0.37474346, 0.046321448, 0.5789351), (0.097822815, 0.005915458, 0.89626175), (0.40043464, 0.3183502, 0.28121516), (0.026761325, 0.4768507, 0.496388), (0.33626938, 0.3935173, 0.27021334), (0.32028085, 0.13112141, 0.54859775), (0.36352178, 0.560785, 0.075693205), (0.7909112, 0.10560829, 0.103480525), (0.34385172, 0.3300885, 0.3260598), (0.021435574, 0.19487432, 0.7836901), (0.3732527, 0.5400141, 0.0867332), (0.7906824, 0.15467106, 0.05464657), (0.29021403, 0.42490432, 0.28488168), (0.40389264, 0.25228876, 0.3438186), (0.5432979, 0.2527416, 0.20396051), (0.60517544, 0.12867305, 0.26615155), (0.32347438, 0.09350708, 0.58301854), (0.010673723, 0.85052705, 0.13879922), (0.18605913, 0.7423525, 0.07158836), (0.7313228, 0.15501136, 0.113665804), (0.13194822, 0.5579044, 0.3101474), (0.31088275, 0.2971899, 0.3919274), (0.45069146, 0.40161407, 0.14769447), (0.085188635, 0.42821276, 0.4865986), (0.8313932, 0.015974019, 0.15263279), (0.23618212, 0.24369803, 0.52011985), (0.22958227, 0.21581368, 0.55460405), (0.019028367, 0.43517658, 0.5457951), (0.13594799, 0.050430674, 0.81362134), (0.2506563, 0.078716815, 0.6706269), (0.7437554, 0.12811048, 0.12813413), (0.6647812, 0.088416144, 0.24680261), (0.44116938, 0.0059912675, 0.55283934), (0.05729335, 0.8381938, 0.10451285), (0.2400066, 0.6852627, 0.07473072), (0.024864247, 0.122994736, 0.852141), (0.5916475, 0.2389429, 0.1694096), (0.70603895, 0.13479553, 0.15916552), (0.18363681, 0.33186552, 0.48449767), (0.5297012, 0.039123118, 0.4311757), (0.0124977175, 0.5699041, 0.4175982), (0.19377871, 0.5102897, 0.29593155), (0.11501316, 0.052476633, 0.83251023), (0.3437148, 0.07705251, 0.5792327), (0.27706045, 0.5879659, 0.13497366), (0.73597944, 0.0025478576, 0.26147273), (0.15017475, 0.4244746, 0.42535064), (0.6201536, 0.36078894, 0.019057442), (0.48120078, 0.40769956, 0.111099675), (0.01807265, 0.03133493, 0.9505924), (0.901687, 0.06891602, 0.029396951), (0.08618649, 0.2636332, 0.65018034), (0.34891784, 0.37691507, 0.2741671), (0.32195497, 0.4238051, 0.25423995), (0.55240285, 0.29511485, 0.15248229), (0.6077214, 0.36364248, 0.028636113), (0.2819042, 0.28427866, 0.43381715), (0.27475116, 0.3240088, 0.40124005), (0.13025188, 0.5313696, 0.3383785), (0.09332007, 0.79972786, 0.10695209), (0.04682943, 0.6641059, 0.2890647), (0.060132433, 0.736519, 0.20334859), (0.12086388, 0.6020078, 0.2771283), (0.033833947, 0.28438202, 0.68178403), (0.750019, 0.09569713, 0.15428385), (0.089191906, 0.08527057, 0.8255375), (0.5699646, 0.06415956, 0.36587584), (0.2807631, 0.44997615, 0.26926076), (0.07697849, 0.511882, 0.4111395), (0.747883, 0.14065374, 0.11146326), (0.20752345, 0.265888, 0.52658856), (0.06318121, 0.72007024, 0.21674855), (0.42543373, 0.56907535, 0.005490928), (0.3288438, 0.14842288, 0.52273333), (0.6939029, 0.18948498, 0.11661209), (0.111344874, 0.15746789, 0.7311872), (0.36580053, 0.46838373, 0.16581577), (0.07458685, 0.66395676, 0.2614564), (0.075579286, 0.578303, 0.3461177), (0.70175314, 0.22464585, 0.073601015), (0.3106335, 0.20254712, 0.48681936), (0.1780667, 0.62848836, 0.19344495), (0.17022854, 0.07217918, 0.75759226), (0.6393579, 0.20430714, 0.15633494), (0.330104, 0.051378444, 0.6185176), (0.09663312, 0.84237677, 0.06099013), (0.0064013572, 0.87541217, 0.11818647), (0.27899626, 0.5593798, 0.16162391), (0.119855605, 0.5095904, 0.37055403), (0.2314747, 0.066979334, 0.70154595), (0.84739953, 0.06673203, 0.085868426), (0.3176211, 0.5077207, 0.1746582), (0.21339928, 0.34848982, 0.43811092), (0.098644145, 0.16866876, 0.7326871), (0.3961913, 0.14572833, 0.45808035), (0.4802878, 0.17837685, 0.34133536), (0.7462419, 0.004688271, 0.24906981), (0.23583168, 0.37524408, 0.38892424), (0.13174129, 0.030816928, 0.8374418), (0.003112684, 0.7596054, 0.23728189), (0.055388052, 0.7763112, 0.1683007), (0.5272239, 0.19285989, 0.27991623), (0.33902964, 0.07890758, 0.5820628), (0.5862183, 0.3312974, 0.08248431), (0.3246925, 0.5858504, 0.08945711), (0.5908635, 0.3644256, 0.04471091), (0.59500027, 0.38017517, 0.024824524), (0.8103766, 0.16326602, 0.026357388), (0.5684979, 0.23440193, 0.19710016), (0.083466955, 0.47207963, 0.44445342), (0.44885713, 0.5486294, 0.0025134757), (0.5284364, 0.03339377, 0.43816984), (0.61062884, 0.15870358, 0.23066758), (0.08337772, 0.743785, 0.17283727), (0.3399515, 0.24495311, 0.4150954), (0.51086265, 0.13768621, 0.35145113), (0.14216878, 0.457668, 0.4001632), (0.27705118, 0.5716565, 0.15129228), (0.0927332, 0.5000072, 0.40725958), (0.2675262, 0.27352893, 0.45894486), (0.49796587, 0.14076205, 0.3612721), (0.26933396, 0.33364776, 0.39701825), (0.27546364, 0.14448789, 0.58004844), (0.7499559, 0.09907079, 0.15097335), (0.10776564, 0.87369597, 0.018538415), (0.6495956, 0.26052406, 0.08988035), (0.55458724, 0.059157144, 0.38625562), (0.18969664, 0.35499433, 0.45530903), (0.27148744, 0.40120405, 0.3273085), (0.18004161, 0.67443645, 0.14552195), (0.5793885, 0.26850626, 0.15210524), (0.22984736, 0.263354, 0.5067986), (0.50335556, 0.030718729, 0.4659257), (0.9082222, 0.00080511597, 0.09097271), (0.53201544, 0.16061364, 0.30737093), (0.3325243, 0.019614263, 0.6478615), (0.16408817, 0.17328203, 0.6626298), (0.3277436, 0.33924782, 0.3330086), (0.50234616, 0.2937922, 0.20386167), (0.2703205, 0.19783273, 0.53184676), (0.5783715, 0.29716256, 0.12446594), (0.22693539, 0.023255534, 0.7498091), (0.1605239, 0.054018214, 0.7854579), (0.04275664, 0.7348624, 0.22238098), (0.114295945, 0.46011364, 0.42559043), (0.15896371, 0.07110491, 0.7699314), (0.35540798, 0.6241165, 0.020475509), (0.78058165, 0.21514393, 0.0042744353), (0.10128871, 0.50155324, 0.39715806), (0.9275404, 0.06963465, 0.0028249344), (0.23334607, 0.52765054, 0.23900336), (0.7578835, 0.098717645, 0.14339885), (0.20258655, 0.40983775, 0.3875757), (0.21183062, 0.015353236, 0.7728162), (0.17970479, 0.55991864, 0.26037657), (0.033954225, 0.5557566, 0.41028917), (0.06531332, 0.54062384, 0.39406282), (0.27801734, 0.18329497, 0.5386877), (0.0066058473, 0.38509816, 0.608296), (0.5175766, 0.12468061, 0.35774282), (0.43168524, 0.34123352, 0.22708124), (0.57027, 0.26656136, 0.16316861), (0.05652163, 0.8081442, 0.13533418), (0.39216042, 0.2044041, 0.4034355), (0.48993632, 0.14252156, 0.36754212), (0.752494, 0.1053718, 0.14213423), (0.038643286, 0.30128497, 0.66007173), (0.039628025, 0.67314166, 0.28723034)] (
                elementSize = 340
                interpolation = "faceVarying"
            )
        }

        over "TopBackRight"
        {
            color3f[] primvars:displayColor = [(0.5042363, 0.439221, 0.056542717), (0.1057481, 0.4509838, 0.44326812), (0.5887815, 0.11024703, 0.30097148), (0.13845369, 0.49450767, 0.36703864), (0.35783577, 0.2941197, 0.34804454), (0.54587716, 0.41814387, 0.035978988), (0.21813205, 0.1440623, 0.63780564), (0.041005805, 0.37540653, 0.58358765), (0.1404253, 0.016615283, 0.8429594), (0.13152786, 0.409636, 0.45883614), (0.05248084, 0.3602499, 0.58726925), (0.42036375, 0.30229196, 0.2773443), (0.18462263, 0.021404812, 0.79397255), (0.2536692, 0.42012256, 0.32620823), (0.07893284, 0.83023703, 0.09083015), (0.47851598, 0.32571277, 0.19577123), (0.2196529, 0.0075945533, 0.7727525), (0.35779595, 0.43030453, 0.21189952), (0.5681601, 0.0037248174, 0.42811504), (0.46026406, 0.29510143, 0.24463452), (0.06787729, 0.58687574, 0.34524697), (0.21985847, 0.06273644, 0.7174051), (0.09106378, 0.4790063, 0.42992994), (0.22315548, 0.6737222, 0.103122346), (0.480871, 0.27441332, 0.24471569), (0.29505834, 0.06990433, 0.6350373), (0.09535853, 0.23714735, 0.6674941), (0.15428309, 0.13962837, 0.70608854), (0.008519543, 0.9624052, 0.029075254), (0.43434054, 0.50380313, 0.061856356), (0.021597445, 0.012845062, 0.9655575), (0.05096609, 0.4019603, 0.5470736), (0.047256917, 0.395936, 0.5568071), (0.6838227, 0.0181879, 0.2979894), (0.29383793, 0.66503245, 0.041129597), (0.17832434, 0.17656939, 0.64510626), (0.3812373, 0.32807425, 0.29068846), (0.15866199, 0.23455068, 0.6067873), (0.6175961, 0.35416043, 0.028243467), (0.70985806, 0.15789278, 0.13224918), (0.5131855, 0.3270685, 0.15974598), (0.83382535, 0.048573658, 0.11760099), (0.49831846, 0.33168384, 0.1699977), (0.052944332, 0.13507387, 0.8119818), (0.36685833, 0.47018474, 0.16295694), (0.37826917, 0.39768484, 0.22404598), (0.49190748, 0.08809862, 0.4199939), (0.41293123, 0.2850767, 0.3019921), (0.045230277, 0.06480212, 0.8899676), (0.107322104, 0.29488677, 0.59779114), (0.08552264, 0.30288598, 0.6115914), (0.25732952, 0.08745047, 0.65522003), (0.53636694, 0.13419715, 0.32943588), (0.44510508, 0.42045012, 0.13444482), (0.13670628, 0.83978516, 0.023508573), (0.2061723, 0.120176695, 0.673651), (0.14808005, 0.35510898, 0.49681094), (0.6594683, 0.034979638, 0.30555207), (0.332963, 0.14240459, 0.52463245), (0.011660252, 0.46567547, 0.5226643), (0.08316038, 0.36698082, 0.5498588), (0.0042267507, 0.8995139, 0.09625934), (0.1808183, 0.67776763, 0.14141403), (0.05291969, 0.47378865, 0.47329167), (0.7533018, 0.0017373232, 0.24496086), (0.2659394, 0.04612775, 0.68793285), (0.07382708, 0.5640064, 0.36216652), (0.07503905, 0.89310557, 0.031855356), (0.350493, 0.5246843, 0.124822654), (0.19087124, 0.12649211, 0.6826366), (0.021844765, 0.4407965, 0.53735876), (0.25136784, 0.58745396, 0.16117819), (0.6557519, 0.039269693, 0.3049784), (0.3282807, 0.60928494, 0.062434357), (0.26793736, 0.42963284, 0.3024298), (0.5908237, 0.24644107, 0.16273524), (0.48035827, 0.01883867, 0.50080305), (0.22365932, 0.36553428, 0.4108064), (0.021154402, 0.22770248, 0.7511431), (0.4968305, 0.33031493, 0.17285459), (0.4324551, 0.08862298, 0.47892192), (0.7381398, 0.01716946, 0.24469073), (0.09600425, 0.89047676, 0.013518984), (0.20965871, 0.0036120892, 0.7867292), (0.032365587, 0.7382969, 0.22933747), (0.13721038, 0.29130545, 0.57148415), (0.36643192, 0.47210616, 0.16146193), (0.81091064, 0.10481587, 0.084273465), (0.75183696, 0.15910104, 0.089062005), (0.30810595, 0.6679035, 0.023990575), (0.3666244, 0.25122547, 0.38215014), (0.20781778, 0.6944023, 0.09777991), (0.7733064, 0.1298381, 0.0968555), (0.022414599, 0.46232635, 0.515259), (0.5322261, 0.27826023, 0.18951367), (0.91011924, 0.08258682, 0.0072939545), (0.34528086, 0.35132554, 0.3033936), (0.5207784, 0.10342825, 0.37579334), (0.117823325, 0.21599028, 0.6661864), (0.48305485, 0.4504882, 0.066456944)] (
                elementSize = 100
                interpolation = "faceVarying"
            )
        }

        over "TopFrontRight"
        {
            color3f[] primvars:displayColor = [(0.0094357515, 0.5728545, 0.4177097), (0.12699644, 0.5033986, 0.36960495), (0.20270549, 0.066374406, 0.73092014), (0.14091958, 0.5052111, 0.3538693), (0.22789977, 0.30902553, 0.46307468), (0.8853853, 0.021100804, 0.09351394), (0.011785806, 0.6724219, 0.31579232), (0.095707305, 0.6511405, 0.25315216), (0.38463998, 0.33618173, 0.27917826), (0.49473715, 0.3033556, 0.20190725), (0.6584476, 0.27724615, 0.06430622), (0.62024504, 0.22706282, 0.15269212), (0.025809368, 0.03962737, 0.9345633), (0.406828, 0.4012866, 0.19188541), (0.54401773, 0.18963762, 0.26634464), (0.13315055, 0.07017075, 0.7966787), (0.1261427, 0.39851108, 0.4753462), (0.13633353, 0.018883329, 0.8447831), (0.4219343, 0.40815866, 0.16990702), (0.69254094, 0.2810413, 0.026417773), (0.9019384, 0.084689125, 0.01337251), (0.11952938, 0.14052698, 0.7399436), (0.36480746, 0.17381679, 0.46137577), (0.12659815, 0.7166186, 0.15678325), (0.08994039, 0.68415874, 0.22590086), (0.31684357, 0.44879356, 0.23436286), (0.45818526, 0.41941303, 0.12240173), (0.795346, 0.11732462, 0.08732933), (0.6792622, 0.21662967, 0.10410811), (0.8113086, 0.13327776, 0.0554136), (0.6398991, 0.023863949, 0.33623695), (0.46545312, 0.16412951, 0.3704174), (0.29416195, 0.2487637, 0.45707437), (0.28050596, 0.056318182, 0.6631759), (0.4731907, 0.27220517, 0.25460413), (0.66473955, 0.08339008, 0.25187036), (0.19213845, 0.35498285, 0.4528787), (0.15937021, 0.63964516, 0.20098464), (0.012332204, 0.9267317, 0.060936075), (0.66576904, 0.041752394, 0.29247856), (0.70268905, 0.14806643, 0.14924453), (0.008093471, 0.35139734, 0.6405092), (0.15851763, 0.7417915, 0.09969088), (0.138694, 0.3067606, 0.5545454), (0.06793184, 0.041221943, 0.8908462), (0.54452974, 0.34436947, 0.11110076), (0.2099615, 0.0026657379, 0.78737277), (0.26665083, 0.33676094, 0.39658824), (0.3450132, 0.13477874, 0.52020806), (0.10134251, 0.21086217, 0.68779534), (0.61069804, 0.36703002, 0.022271901), (0.75277215, 0.00916707, 0.23806076), (0.05987902, 0.45155174, 0.48856923), (0.5871867, 0.29295796, 0.11985536), (0.074947335, 0.65704817, 0.26800454), (0.40168095, 0.0100115985, 0.58830744), (0.10526317, 0.82614213, 0.068594694), (0.15357862, 0.0856615, 0.7607599), (0.29793805, 0.3874791, 0.31458288), (0.5431932, 0.27299437, 0.18381241), (0.008634091, 0.33088914, 0.6604768), (0.6386261, 0.08226634, 0.27910757), (0.35009453, 0.0023353302, 0.64757013), (0.04716984, 0.059075657, 0.8937545), (0.52843076, 0.17661226, 0.29495698), (0.3873435, 0.4239447, 0.1887118), (0.1875324, 0.12101852, 0.6914491), (0.84454817, 0.11142029, 0.044031523), (0.2025981, 0.10801535, 0.68938655), (0.8389285, 0.040531907, 0.12053957)] (
                elementSize = 70
                interpolation = "faceVarying"
            )
        }
    }
}

over "spectrum_uniform"
{
    over "Geom"
    {
        over "Basis_L"
        {
            over "Basis_L_0"
            {
                color3f[] primvars:displayColor = [(1, 0, 0)] (
                    elementSize = 1
                    interpolation = "uniform"
                )
            }

            over "Basis_L_1"
            {
                color3f[] primvars:displayColor = [(1, 0, 0)] (
                    elementSize = 1
                    interpolation = "uniform"
                )
            }

            over "Basis_L_2"
            {
                color3f[] primvars:displayColor = [(1, 0, 0)] (
                    elementSize = 1
                    interpolation = "uniform"
                )
            }

            over "Basis_L_3"
            {
                color3f[] primvars:displayColor = [(1, 0, 0)] (
                    elementSize = 1
                    interpolation = "uniform"
                )
            }

            over "Basis_L_4"
            {
                color3f[] primvars:displayColor = [(1, 0, 0)] (
                    elementSize = 1
                    interpolation = "uniform"
                )
            }

            over "Basis_L_5"
            {
                color3f[] primvars:displayColor = [(1, 0, 0)] (
                    elementSize = 1
                    interpolation = "uniform"
                )
            }

            over "Basis_L_6"
            {
                color3f[] primvars:displayColor = [(1, 0, 0)] (
                    elementSize = 1
                    interpolation = "uniform"
                )
            }

            over "Basis_L_7"
            {
                color3f[] primvars:displayColor = [(1, 0, 0)] (
                    elementSize = 1
                    interpolation = "uniform"
                )
            }
        }

        over "Basis_R"
        {
            over "Basis_R_0"
            {
                color3f[] primvars:displayColor = [(1, 0, 0)] (
                    elementSize = 1
                    interpolation = "uniform"
                )
            }

            over "Basis_R_1"
            {
                color3f[] primvars:displayColor = [(1, 0, 0)] (
                    elementSize = 1
                    interpolation = "uniform"
                )
            }

            over "Basis_R_2"
            {
                color3f[] primvars:displayColor = [(1, 0, 0)] (
                    elementSize = 1
                    interpolation = "uniform"
                )
            }

            over "Basis_R_3"
            {
                color3f[] primvars:displayColor = [(1, 0, 0)] (
                    elementSize = 1
                    interpolation = "uniform"
                )
            }

            over "Basis_R_4"
            {
                color3f[] primvars:displayColor = [(1, 0, 0)] (
                    elementSize = 1
                    interpolation = "uniform"
                )
            }

            over "Basis_R_5"
            {
                color3f[] primvars:displayColor = [(1, 0, 0)] (
                    elementSize = 1
                    interpolation = "uniform"
                )
            }

            over "Basis_R_6"
            {
                color3f[] primvars:displayColor = [(1, 0, 0)] (
                    elementSize = 1
                    interpolation = "uniform"
                )
            }

            over "Basis_R_7"
            {
                color3f[] primvars:displayColor = [(1, 0, 0)] (
                    elementSize = 1
                    interpolation = "uniform"
                )
            }
        }

        over "Ground"
        {
            color3f[] primvars:displayColor = [(1, 0, 0), (1, 0.09677419, 0), (1, 0.19354838, 0), (1, 0.29032257, 0), (1, 0.38709676, 0), (1, 0.48387095, 0), (1, 0.58064514, 0), (1, 0.67741936, 0), (1, 0.7741935, 0), (1, 0.87096775, 0), (1, 0.9677419, 0), (0.9354839, 1, 0), (0.83870965, 1, 0), (0.7419355, 1, 0), (0.6451613, 1, 0), (0.5483871, 1, 0), (0.4516129, 1, 0), (0.3548387, 1, 0), (0.2580645, 1, 0), (0.16129032, 1, 0), (0.06451613, 1, 0), (0, 1, 0.032258064), (0, 1, 0.12903225), (0, 1, 0.22580644), (0, 1, 0.32258064), (0, 1, 0.41935483), (0, 1, 0.516129), (0, 1, 0.61290324), (0, 1, 0.7096774), (0, 1, 0.8064516), (0, 1, 0.9032258), (0, 1, 1), (0, 0.9032258, 1), (0, 0.8064516, 1), (0, 0.7096774, 1), (0, 0.61290324, 1), (0, 0.516129, 1), (0, 0.41935483, 1), (0, 0.32258064, 1), (0, 0.22580644, 1), (0, 0.12903225, 1), (0, 0.032258064, 1), (0.06451613, 0, 1), (0.16129032, 0, 1), (0.2580645, 0, 1), (0.3548387, 0, 1), (0.4516129, 0, 1), (0.5483871, 0, 1), (0.6451613, 0, 1), (0.7419355, 0, 1), (0.83870965, 0, 1), (0.9354839, 0, 1), (1, 0, 0.9677419), (1, 0, 0.87096775), (1, 0, 0.7741935), (1, 0, 0.67741936), (1, 0, 0.58064514), (1, 0, 0.48387095), (1, 0, 0.38709676), (1, 0, 0.29032257), (1, 0, 0.19354838), (1, 0, 0.09677419), (1, 0, 0)] (
                elementSize = 63
                interpolation = "uniform"
            )
        }

        over "Volume"
        {
            color3f[] primvars:displayColor = [(1, 0, 0), (1, 0.060606062, 0), (1, 0.121212125, 0), (1, 0.18181819, 0), (1, 0.24242425, 0), (1, 0.3030303, 0), (1, 0.36363637, 0), (1, 0.42424244, 0), (1, 0.4848485, 0), (1, 0.54545456, 0), (1, 0.6060606, 0), (1, 0.6666667, 0), (1, 0.72727275, 0), (1, 0.7878788, 0), (1, 0.8484849, 0), (1, 0.90909094, 0), (1, 0.969697, 0), (0.969697, 1, 0), (0.90909094, 1, 0), (0.8484849, 1, 0), (0.7878788, 1, 0), (0.72727275, 1, 0), (0.6666667, 1, 0), (0.6060606, 1, 0), (0.54545456, 1, 0), (0.4848485, 1, 0), (0.42424244, 1, 0), (0.36363637, 1, 0), (0.3030303, 1, 0), (0.24242425, 1, 0), (0.18181819, 1, 0), (0.121212125, 1, 0), (0.060606062, 1, 0), (0, 1, 0), (0, 1, 0.060606062), (0, 1, 0.121212125), (0, 1, 0.18181819), (0, 1, 0.24242425), (0, 1, 0.3030303), (0, 1, 0.36363637), (0, 1, 0.42424244), (0, 1, 0.4848485), (0, 1, 0.54545456), (0, 1, 0.6060606), (0, 1, 0.6666667), (0, 1, 0.72727275), (0, 1, 0.7878788), (0, 1, 0.8484849), (0, 1, 0.90909094), (0, 1, 0.969697), (0, 0.969697, 1), (0, 0.90909094, 1), (0, 0.8484849, 1), (0, 0.7878788, 1), (0, 0.72727275, 1), (0, 0.6666667, 1), (0, 0.6060606, 1), (0, 0.54545456, 1), (0, 0.4848485, 1), (0, 0.42424244, 1), (0, 0.36363637, 1), (0, 0.3030303, 1), (0, 0.24242425, 1), (0, 0.18181819, 1), (0, 0.121212125, 1), (0, 0.060606062, 1), (0, 0, 1), (0.060606062, 0, 1), (0.121212125, 0, 1), (0.18181819, 0, 1), (0.24242425, 0, 1), (0.3030303, 0, 1), (0.36363637, 0, 1), (0.42424244, 0, 1), (0.4848485, 0, 1), (0.54545456, 0, 1), (0.6060606, 0, 1), (0.6666667, 0, 1), (0.72727275, 0, 1), (0.7878788, 0, 1), (0.8484849, 0, 1), (0.90909094, 0, 1), (0.969697, 0, 1), (1, 0, 0.969697), (1, 0, 0.90909094), (1, 0, 0.8484849), (1, 0, 0.7878788), (1, 0, 0.72727275), (1, 0, 0.6666667), (1, 0, 0.6060606), (1, 0, 0.54545456), (1, 0, 0.4848485), (1, 0, 0.42424244), (1, 0, 0.36363637), (1, 0, 0.3030303), (1, 0, 0.24242425), (1, 0, 0.18181819), (1, 0, 0.121212125), (1, 0, 0.060606062), (1, 0, 0)] (
                elementSize = 100
                interpolation = "uniform"
            )
        }

        over "TopBackLeft"
        {
            color3f[] primvars:displayColor = [(1, 0, 0), (0.8, 1, 0), (0, 1, 0.4), (0, 0.4, 1), (0.8, 0, 1), (1, 0, 0)] (
                elementSize = 6
                interpolation = "uniform"
            )
        }

        over "TopFrontLeft"
        {
            color3f[] primvars:displayColor = [(1, 0, 0), (1, 0.06741573, 0), (1, 0.13483146, 0), (1, 0.20224719, 0), (1, 0.26966292, 0), (1, 0.33707866, 0), (1, 0.40449437, 0), (1, 0.47191012, 0), (1, 0.53932583, 0), (1, 0.60674155, 0), (1, 0.6741573, 0), (1, 0.74157304, 0), (1, 0.80898875, 0), (1, 0.8764045, 0), (1, 0.94382024, 0), (0.98876405, 1, 0), (0.92134833, 1, 0), (0.85393256, 1, 0), (0.78651685, 1, 0), (0.71910113, 1, 0), (0.6516854, 1, 0), (0.58426964, 1, 0), (0.5168539, 1, 0), (0.4494382, 1, 0), (0.38202247, 1, 0), (0.31460676, 1, 0), (0.24719101, 1, 0), (0.17977528, 1, 0), (0.11235955, 1, 0), (0.04494382, 1, 0), (0, 1, 0.02247191), (0, 1, 0.08988764), (0, 1, 0.15730338), (0, 1, 0.2247191), (0, 1, 0.29213482), (0, 1, 0.35955057), (0, 1, 0.42696628), (0, 1, 0.49438202), (0, 1, 0.56179774), (0, 1, 0.6292135), (0, 1, 0.6966292), (0, 1, 0.76404494), (0, 1, 0.83146065), (0, 1, 0.8988764), (0, 1, 0.96629214), (0, 0.96629214, 1), (0, 0.8988764, 1), (0, 0.83146065, 1), (0, 0.76404494, 1), (0, 0.6966292, 1), (0, 0.6292135, 1), (0, 0.56179774, 1), (0, 0.49438202, 1), (0, 0.42696628, 1), (0, 0.35955057, 1), (0, 0.29213482, 1), (0, 0.2247191, 1), (0, 0.15730338, 1), (0, 0.08988764, 1), (0, 0.02247191, 1), (0.04494382, 0, 1), (0.11235955, 0, 1), (0.17977528, 0, 1), (0.24719101, 0, 1), (0.31460676, 0, 1), (0.38202247, 0, 1), (0.4494382, 0, 1), (0.5168539, 0, 1), (0.58426964, 0, 1), (0.6516854, 0, 1), (0.71910113, 0, 1), (0.78651685, 0, 1), (0.85393256, 0, 1), (0.92134833, 0, 1), (0.98876405, 0, 1), (1, 0, 0.94382024), (1, 0, 0.8764045), (1, 0, 0.80898875), (1, 0, 0.74157304), (1, 0, 0.6741573), (1, 0, 0.60674155), (1, 0, 0.53932583), (1, 0, 0.47191012), (1, 0, 0.40449437), (1, 0, 0.33707866), (1, 0, 0.26966292), (1, 0, 0.20224719), (1, 0, 0.13483146), (1, 0, 0.06741573), (1, 0, 0)] (
                elementSize = 90
                interpolation = "uniform"
            )
        }

        over "TopBackRight"
        {
            color3f[] primvars:displayColor = [(1, 0, 0), (1, 0.20689656, 0), (1, 0.41379312, 0), (1, 0.62068963, 0), (1, 0.82758623, 0), (0.9655172, 1, 0), (0.7586207, 1, 0), (0.55172414, 1, 0), (0.3448276, 1, 0), (0.13793103, 1, 0), (0, 1, 0.06896552), (0, 1, 0.27586207), (0, 1, 0.4827586), (0, 1, 0.6896552), (0, 1, 0.8965517), (0, 0.8965517, 1), (0, 0.6896552, 1), (0, 0.4827586, 1), (0, 0.27586207, 1), (0, 0.06896552, 1), (0.13793103, 0, 1), (0.3448276, 0, 1), (0.55172414, 0, 1), (0.7586207, 0, 1), (0.9655172, 0, 1), (1, 0, 0.82758623), (1, 0, 0.62068963), (1, 0, 0.41379312), (1, 0, 0.20689656), (1, 0, 0)] (
                elementSize = 30
                interpolation = "uniform"
            )
        }

        over "TopFrontRight"
        {
            color3f[] primvars:displayColor = [(1, 0, 0), (1, 0.31578946, 0), (1, 0.6315789, 0), (1, 0.94736844, 0), (0.7368421, 1, 0), (0.42105263, 1, 0), (0.10526316, 1, 0), (0, 1, 0.21052632), (0, 1, 0.5263158), (0, 1, 0.84210527), (0, 0.84210527, 1), (0, 0.5263158, 1), (0, 0.21052632, 1), (0.10526316, 0, 1), (0.42105263, 0, 1), (0.7368421, 0, 1), (1, 0, 0.94736844), (1, 0, 0.6315789), (1, 0, 0.31578946), (1, 0, 0)] (
                elementSize = 20
                interpolation = "uniform"
            )
        }
    }
}

over "spectrum_varying"
{
    over "Geom"
    {
        over "Basis_L"
        {
            over "Basis_L_0"
            {
                color3f[] primvars:displayColor = [(1, 0, 0), (0, 1, 1), (1, 0, 0)] (
                    elementSize = 3
                    interpolation = "varying"
                )
            }

            over "Basis_L_1"
            {
                color3f[] primvars:displayColor = [(1, 0, 0), (1, 1, 0), (0, 1, 0), (0, 1, 1), (0, 0, 1), (1, 0, 1), (1, 0, 0)] (
                    elementSize = 7
                    interpolation = "varying"
                )
            }

            over "Basis_L_2"
            {
                color3f[] primvars:displayColor = [(1, 0, 0), (0.5, 1, 0), (0, 1, 1), (0.5, 0, 1), (1, 0, 0)] (
                    elementSize = 5
                    interpolation = "varying"
                )
            }

            over "Basis_L_3"
            {
                color3f[] primvars:displayColor = [(1, 0, 0), (1, 1, 0), (0, 1, 0), (0, 1, 1), (0, 0, 1), (1, 0, 1), (1, 0, 0)] (
                    elementSize = 7
                    interpolation = "varying"
                )
            }

            over "Basis_L_4"
            {
                color3f[] primvars:displayColor = [(1, 0, 0), (0.5, 1, 0), (0, 1, 1), (0.5, 0, 1), (1, 0, 0)] (
                    elementSize = 5
                    interpolation = "varying"
                )
            }

            over "Basis_L_5"
            {
                color3f[] primvars:displayColor = [(1, 0, 0), (1, 1, 0), (0, 1, 0), (0, 1, 1), (0, 0, 1), (1, 0, 1), (1, 0, 0)] (
                    elementSize = 7
                    interpolation = "varying"
                )
            }

            over "Basis_L_6"
            {
                color3f[] primvars:displayColor = [(1, 0, 0), (0, 1, 1), (1, 0, 0)] (
                    elementSize = 3
                    interpolation = "varying"
                )
            }

            over "Basis_L_7"
            {
                color3f[] primvars:displayColor = [(1, 0, 0), (1, 1, 0), (0, 1, 0), (0, 1, 1), (0, 0, 1), (1, 0, 1), (1, 0, 0)] (
                    elementSize = 7
                    interpolation = "varying"
                )
            }
        }

        over "Basis_R"
        {
            over "Basis_R_0"
            {
                color3f[] primvars:displayColor = [(1, 0, 0), (1, 1, 0), (0, 1, 0), (0, 1, 1), (0, 0, 1), (1, 0, 1), (1, 0, 0)] (
                    elementSize = 7
                    interpolation = "varying"
                )
            }

            over "Basis_R_1"
            {
                color3f[] primvars:displayColor = [(1, 0, 0), (0.5, 1, 0), (0, 1, 1), (0.5, 0, 1), (1, 0, 0)] (
                    elementSize = 5
                    interpolation = "varying"
                )
            }

            over "Basis_R_2"
            {
                color3f[] primvars:displayColor = [(1, 0, 0), (1, 1, 0), (0, 1, 0), (0, 1, 1), (0, 0, 1), (1, 0, 1), (1, 0, 0)] (
                    elementSize = 7
                    interpolation = "varying"
                )
            }

            over "Basis_R_3"
            {
                color3f[] primvars:displayColor = [(1, 0, 0), (0.5, 1, 0), (0, 1, 1), (0.5, 0, 1), (1, 0, 0)] (
                    elementSize = 5
                    interpolation = "varying"
                )
            }

            over "Basis_R_4"
            {
                color3f[] primvars:displayColor = [(1, 0, 0), (1, 1, 0), (0, 1, 0), (0, 1, 1), (0, 0, 1), (1, 0, 1), (1, 0, 0)] (
                    elementSize = 7
                    interpolation = "varying"
                )
            }

            over "Basis_R_5"
            {
                color3f[] primvars:displayColor = [(1, 0, 0), (0, 1, 1), (1, 0, 0)] (
                    elementSize = 3
                    interpolation = "varying"
                )
            }

            over "Basis_R_6"
            {
                color3f[] primvars:displayColor = [(1, 0, 0), (1, 1, 0), (0, 1, 0), (0, 1, 1), (0, 0, 1), (1, 0, 1), (1, 0, 0)] (
                    elementSize = 7
                    interpolation = "varying"
                )
            }

            over "Basis_R_7"
            {
                color3f[] primvars:displayColor = [(1, 0, 0), (0.5, 1, 0), (0, 1, 1), (0.5, 0, 1), (1, 0, 0)] (
                    elementSize = 5
                    interpolation = "varying"
                )
            }
        }

        over "Ground"
        {
            color3f[] primvars:displayColor = [(1, 0, 0), (1, 0.07594936, 0), (1, 0.15189873, 0), (1, 0.2278481, 0), (1, 0.30379745, 0), (1, 0.37974682, 0), (1, 0.4556962, 0), (1, 0.5316456, 0), (1, 0.6075949, 0), (1, 0.6835443, 0), (1, 0.75949365, 0), (1, 0.835443, 0), (1, 0.9113924, 0), (1, 0.98734176, 0), (0.93670887, 1, 0), (0.8607595, 1, 0), (0.7848101, 1, 0), (0.70886075, 1, 0), (0.6329114, 1, 0), (0.556962, 1, 0), (0.48101267, 1, 0), (0.4050633, 1, 0), (0.32911393, 1, 0), (0.25316456, 1, 0), (0.17721519, 1, 0), (0.101265825, 1, 0), (0.025316456, 1, 0), (0, 1, 0.050632913), (0, 1, 0.12658228), (0, 1, 0.20253165), (0, 1, 0.278481), (0, 1, 0.35443038), (0, 1, 0.43037975), (0, 1, 0.5063291), (0, 1, 0.5822785), (0, 1, 0.65822786), (0, 1, 0.73417723), (0, 1, 0.8101266), (0, 1, 0.886076), (0, 1, 0.96202534), (0, 0.96202534, 1), (0, 0.886076, 1), (0, 0.8101266, 1), (0, 0.73417723, 1), (0, 0.65822786, 1), (0, 0.5822785, 1), (0, 0.5063291, 1), (0, 0.43037975, 1), (0, 0.35443038, 1), (0, 0.278481, 1), (0, 0.20253165, 1), (0, 0.12658228, 1), (0, 0.050632913, 1), (0.025316456, 0, 1), (0.101265825, 0, 1), (0.17721519, 0, 1), (0.25316456, 0, 1), (0.32911393, 0, 1), (0.4050633, 0, 1), (0.48101267, 0, 1), (0.556962, 0, 1), (0.6329114, 0, 1), (0.70886075, 0, 1), (0.7848101, 0, 1), (0.8607595, 0, 1), (0.93670887, 0, 1), (1, 0, 0.98734176), (1, 0, 0.9113924), (1, 0, 0.835443), (1, 0, 0.75949365), (1, 0, 0.6835443), (1, 0, 0.6075949), (1, 0, 0.5316456), (1, 0, 0.4556962), (1, 0, 0.37974682), (1, 0, 0.30379745), (1, 0, 0.2278481), (1, 0, 0.15189873), (1, 0, 0.07594936), (1, 0, 0)] (
                elementSize = 80
                interpolation = "varying"
            )
        }

        over "Volume"
        {
            color3f[] primvars:displayColor = [(1, 0, 0), (1, 0.06593407, 0), (1, 0.13186814, 0), (1, 0.1978022, 0), (1, 0.26373628, 0), (1, 0.32967034, 0), (1, 0.3956044, 0), (1, 0.46153846, 0), (1, 0.52747256, 0), (1, 0.5934066, 0), (1, 0.6593407, 0), (1, 0.72527474, 0), (1, 0.7912088, 0), (1, 0.85714287, 0), (1, 0.9230769, 0), (1, 0.989011, 0), (0.94505495, 1, 0), (0.8791209, 1, 0), (0.8131868, 1, 0), (0.74725276, 1, 0), (0.6813187, 1, 0), (0.61538464, 1, 0), (0.5494506, 1, 0), (0.48351648, 1, 0), (0.41758242, 1, 0), (0.35164836, 1, 0), (0.2857143, 1, 0), (0.21978022, 1, 0), (0.15384616, 1, 0), (0.08791209, 1, 0), (0.021978023, 1, 0), (0, 1, 0.043956045), (0, 1, 0.10989011), (0, 1, 0.17582418), (0, 1, 0.24175824), (0, 1, 0.30769232), (0, 1, 0.37362638), (0, 1, 0.43956044), (0, 1, 0.50549453), (0, 1, 0.5714286), (0, 1, 0.63736266), (0, 1, 0.7032967), (0, 1, 0.7692308), (0, 1, 0.83516484), (0, 1, 0.9010989), (0, 1, 0.96703297), (0, 0.96703297, 1), (0, 0.9010989, 1), (0, 0.83516484, 1), (0, 0.7692308, 1), (0, 0.7032967, 1), (0, 0.63736266, 1), (0, 0.5714286, 1), (0, 0.50549453, 1), (0, 0.43956044, 1), (0, 0.37362638, 1), (0, 0.30769232, 1), (0, 0.24175824, 1), (0, 0.17582418, 1), (0, 0.10989011, 1), (0, 0.043956045, 1), (0.021978023, 0, 1), (0.08791209, 0, 1), (0.15384616, 0, 1), (0.21978022, 0, 1), (0.2857143, 0, 1), (0.35164836, 0, 1), (0.41758242, 0, 1), (0.48351648, 0, 1), (0.5494506, 0, 1), (0.61538464, 0, 1), (0.6813187, 0, 1), (0.74725276, 0, 1), (0.8131868, 0, 1), (0.8791209, 0, 1), (0.94505495, 0, 1), (1, 0, 0.989011), (1, 0, 0.9230769), (1, 0, 0.85714287), (1, 0, 0.7912088), (1, 0, 0.72527474), (1, 0, 0.6593407), (1, 0, 0.5934066), (1, 0, 0.52747256), (1, 0, 0.46153846), (1, 0, 0.3956044), (1, 0, 0.32967034), (1, 0, 0.26373628), (1, 0, 0.1978022), (1, 0, 0.13186814), (1, 0, 0.06593407), (1, 0, 0)] (
                elementSize = 92
                interpolation = "varying"
            )
        }

        over "TopBackLeft"
        {
            color3f[] primvars:displayColor = [(1, 0, 0), (1, 0.85714287, 0), (0.2857143, 1, 0), (0, 1, 0.5714286), (0, 0.5714286, 1), (0.2857143, 0, 1), (1, 0, 0.85714287), (1, 0, 0)] (
                elementSize = 8
                interpolation = "varying"
            )
        }

        over "TopFrontLeft"
        {
            color3f[] primvars:displayColor = [(1, 0, 0), (1, 0.074074075, 0), (1, 0.14814815, 0), (1, 0.22222222, 0), (1, 0.2962963, 0), (1, 0.37037036, 0), (1, 0.44444445, 0), (1, 0.5185185, 0), (1, 0.5925926, 0), (1, 0.6666667, 0), (1, 0.7407407, 0), (1, 0.8148148, 0), (1, 0.8888889, 0), (1, 0.962963, 0), (0.962963, 1, 0), (0.8888889, 1, 0), (0.8148148, 1, 0), (0.7407407, 1, 0), (0.6666667, 1, 0), (0.5925926, 1, 0), (0.5185185, 1, 0), (0.44444445, 1, 0), (0.37037036, 1, 0), (0.2962963, 1, 0), (0.22222222, 1, 0), (0.14814815, 1, 0), (0.074074075, 1, 0), (0, 1, 0), (0, 1, 0.074074075), (0, 1, 0.14814815), (0, 1, 0.22222222), (0, 1, 0.2962963), (0, 1, 0.37037036), (0, 1, 0.44444445), (0, 1, 0.5185185), (0, 1, 0.5925926), (0, 1, 0.6666667), (0, 1, 0.7407407), (0, 1, 0.8148148), (0, 1, 0.8888889), (0, 1, 0.962963), (0, 0.962963, 1), (0, 0.8888889, 1), (0, 0.8148148, 1), (0, 0.7407407, 1), (0, 0.6666667, 1), (0, 0.5925926, 1), (0, 0.5185185, 1), (0, 0.44444445, 1), (0, 0.37037036, 1), (0, 0.2962963, 1), (0, 0.22222222, 1), (0, 0.14814815, 1), (0, 0.074074075, 1), (0, 0, 1), (0.074074075, 0, 1), (0.14814815, 0, 1), (0.22222222, 0, 1), (0.2962963, 0, 1), (0.37037036, 0, 1), (0.44444445, 0, 1), (0.5185185, 0, 1), (0.5925926, 0, 1), (0.6666667, 0, 1), (0.7407407, 0, 1), (0.8148148, 0, 1), (0.8888889, 0, 1), (0.962963, 0, 1), (1, 0, 0.962963), (1, 0, 0.8888889), (1, 0, 0.8148148), (1, 0, 0.7407407), (1, 0, 0.6666667), (1, 0, 0.5925926), (1, 0, 0.5185185), (1, 0, 0.44444445), (1, 0, 0.37037036), (1, 0, 0.2962963), (1, 0, 0.22222222), (1, 0, 0.14814815), (1, 0, 0.074074075), (1, 0, 0)] (
                elementSize = 82
                interpolation = "varying"
            )
        }

        over "TopBackRight"
        {
            color3f[] primvars:displayColor = [(1, 0, 0), (1, 0.14634146, 0), (1, 0.29268292, 0), (1, 0.4390244, 0), (1, 0.58536583, 0), (1, 0.73170733, 0), (1, 0.8780488, 0), (0.9756098, 1, 0), (0.8292683, 1, 0), (0.68292683, 1, 0), (0.5365854, 1, 0), (0.3902439, 1, 0), (0.24390244, 1, 0), (0.09756097, 1, 0), (0, 1, 0.048780486), (0, 1, 0.19512194), (0, 1, 0.34146342), (0, 1, 0.4878049), (0, 1, 0.63414633), (0, 1, 0.7804878), (0, 1, 0.9268293), (0, 0.9268293, 1), (0, 0.7804878, 1), (0, 0.63414633, 1), (0, 0.4878049, 1), (0, 0.34146342, 1), (0, 0.19512194, 1), (0, 0.048780486, 1), (0.09756097, 0, 1), (0.24390244, 0, 1), (0.3902439, 0, 1), (0.5365854, 0, 1), (0.68292683, 0, 1), (0.8292683, 0, 1), (0.9756098, 0, 1), (1, 0, 0.8780488), (1, 0, 0.73170733), (1, 0, 0.58536583), (1, 0, 0.4390244), (1, 0, 0.29268292), (1, 0, 0.14634146), (1, 0, 0)] (
                elementSize = 42
                interpolation = "varying"
            )
        }

        over "TopFrontRight"
        {
            color3f[] primvars:displayColor = [(1, 0, 0), (1, 0.2, 0), (1, 0.4, 0), (1, 0.6, 0), (1, 0.8, 0), (1, 1, 0), (0.8, 1, 0), (0.6, 1, 0), (0.4, 1, 0), (0.2, 1, 0), (0, 1, 0), (0, 1, 0.2), (0, 1, 0.4), (0, 1, 0.6), (0, 1, 0.8), (0, 1, 1), (0, 0.8, 1), (0, 0.6, 1), (0, 0.4, 1), (0, 0.2, 1), (0, 0, 1), (0.2, 0, 1), (0.4, 0, 1), (0.6, 0, 1), (0.8, 0, 1), (1, 0, 1), (1, 0, 0.8), (1, 0, 0.6), (1, 0, 0.4), (1, 0, 0.2), (1, 0, 0)] (
                elementSize = 31
                interpolation = "varying"
            )
        }
    }
}

over "spectrum_vertex"
{
    over "Geom"
    {
        over "Basis_L"
        {
            over "Basis_L_0"
            {
                color3f[] primvars:displayColor = [(1, 0, 0), (1, 1, 0), (0, 1, 0), (0, 1, 1), (0, 0, 1), (1, 0, 1), (1, 0, 0)] (
                    elementSize = 7
                    interpolation = "vertex"
                )
            }

            over "Basis_L_1"
            {
                color3f[] primvars:displayColor = [(1, 0, 0), (1, 1, 0), (0, 1, 0), (0, 1, 1), (0, 0, 1), (1, 0, 1), (1, 0, 0)] (
                    elementSize = 7
                    interpolation = "vertex"
                )
            }

            over "Basis_L_2"
            {
                color3f[] primvars:displayColor = [(1, 0, 0), (1, 1, 0), (0, 1, 0), (0, 1, 1), (0, 0, 1), (1, 0, 1), (1, 0, 0)] (
                    elementSize = 7
                    interpolation = "vertex"
                )
            }

            over "Basis_L_3"
            {
                color3f[] primvars:displayColor = [(1, 0, 0), (1, 1, 0), (0, 1, 0), (0, 1, 1), (0, 0, 1), (1, 0, 1), (1, 0, 0)] (
                    elementSize = 7
                    interpolation = "vertex"
                )
            }

            over "Basis_L_4"
            {
                color3f[] primvars:displayColor = [(1, 0, 0), (1, 1, 0), (0, 1, 0), (0, 1, 1), (0, 0, 1), (1, 0, 1), (1, 0, 0)] (
                    elementSize = 7
                    interpolation = "vertex"
                )
            }

            over "Basis_L_5"
            {
                color3f[] primvars:displayColor = [(1, 0, 0), (1, 1, 0), (0, 1, 0), (0, 1, 1), (0, 0, 1), (1, 0, 1), (1, 0, 0)] (
                    elementSize = 7
                    interpolation = "vertex"
                )
            }

            over "Basis_L_6"
            {
                color3f[] primvars:displayColor = [(1, 0, 0), (1, 1, 0), (0, 1, 0), (0, 1, 1), (0, 0, 1), (1, 0, 1), (1, 0, 0)] (
                    elementSize = 7
                    interpolation = "vertex"
                )
            }

            over "Basis_L_7"
            {
                color3f[] primvars:displayColor = [(1, 0, 0), (1, 1, 0), (0, 1, 0), (0, 1, 1), (0, 0, 1), (1, 0, 1), (1, 0, 0)] (
                    elementSize = 7
                    interpolation = "vertex"
                )
            }
        }

        over "Basis_R"
        {
            over "Basis_R_0"
            {
                color3f[] primvars:displayColor = [(1, 0, 0), (1, 1, 0), (0, 1, 0), (0, 1, 1), (0, 0, 1), (1, 0, 1), (1, 0, 0)] (
                    elementSize = 7
                    interpolation = "vertex"
                )
            }

            over "Basis_R_1"
            {
                color3f[] primvars:displayColor = [(1, 0, 0), (1, 1, 0), (0, 1, 0), (0, 1, 1), (0, 0, 1), (1, 0, 1), (1, 0, 0)] (
                    elementSize = 7
                    interpolation = "vertex"
                )
            }

            over "Basis_R_2"
            {
                color3f[] primvars:displayColor = [(1, 0, 0), (1, 1, 0), (0, 1, 0), (0, 1, 1), (0, 0, 1), (1, 0, 1), (1, 0, 0)] (
                    elementSize = 7
                    interpolation = "vertex"
                )
            }

            over "Basis_R_3"
            {
                color3f[] primvars:displayColor = [(1, 0, 0), (1, 1, 0), (0, 1, 0), (0, 1, 1), (0, 0, 1), (1, 0, 1), (1, 0, 0)] (
                    elementSize = 7
                    interpolation = "vertex"
                )
            }

            over "Basis_R_4"
            {
                color3f[] primvars:displayColor = [(1, 0, 0), (1, 1, 0), (0, 1, 0), (0, 1, 1), (0, 0, 1), (1, 0, 1), (1, 0, 0)] (
                    elementSize = 7
                    interpolation = "vertex"
                )
            }

            over "Basis_R_5"
            {
                color3f[] primvars:displayColor = [(1, 0, 0), (1, 1, 0), (0, 1, 0), (0, 1, 1), (0, 0, 1), (1, 0, 1), (1, 0, 0)] (
                    elementSize = 7
                    interpolation = "vertex"
                )
            }

            over "Basis_R_6"
            {
                color3f[] primvars:displayColor = [(1, 0, 0), (1, 1, 0), (0, 1, 0), (0, 1, 1), (0, 0, 1), (1, 0, 1), (1, 0, 0)] (
                    elementSize = 7
                    interpolation = "vertex"
                )
            }

            over "Basis_R_7"
            {
                color3f[] primvars:displayColor = [(1, 0, 0), (1, 1, 0), (0, 1, 0), (0, 1, 1), (0, 0, 1), (1, 0, 1), (1, 0, 0)] (
                    elementSize = 7
                    interpolation = "vertex"
                )
            }
        }

        over "Ground"
        {
            color3f[] primvars:displayColor = [(1, 0, 0), (1, 0.07594936, 0), (1, 0.15189873, 0), (1, 0.2278481, 0), (1, 0.30379745, 0), (1, 0.37974682, 0), (1, 0.4556962, 0), (1, 0.5316456, 0), (1, 0.6075949, 0), (1, 0.6835443, 0), (1, 0.75949365, 0), (1, 0.835443, 0), (1, 0.9113924, 0), (1, 0.98734176, 0), (0.93670887, 1, 0), (0.8607595, 1, 0), (0.7848101, 1, 0), (0.70886075, 1, 0), (0.6329114, 1, 0), (0.556962, 1, 0), (0.48101267, 1, 0), (0.4050633, 1, 0), (0.32911393, 1, 0), (0.25316456, 1, 0), (0.17721519, 1, 0), (0.101265825, 1, 0), (0.025316456, 1, 0), (0, 1, 0.050632913), (0, 1, 0.12658228), (0, 1, 0.20253165), (0, 1, 0.278481), (0, 1, 0.35443038), (0, 1, 0.43037975), (0, 1, 0.5063291), (0, 1, 0.5822785), (0, 1, 0.65822786), (0, 1, 0.73417723), (0, 1, 0.8101266), (0, 1, 0.886076), (0, 1, 0.96202534), (0, 0.96202534, 1), (0, 0.886076, 1), (0, 0.8101266, 1), (0, 0.73417723, 1), (0, 0.65822786, 1), (0, 0.5822785, 1), (0, 0.5063291, 1), (0, 0.43037975, 1), (0, 0.35443038, 1), (0, 0.278481, 1), (0, 0.20253165, 1), (0, 0.12658228, 1), (0, 0.050632913, 1), (0.025316456, 0, 1), (0.101265825, 0, 1), (0.17721519, 0, 1), (0.25316456, 0, 1), (0.32911393, 0, 1), (0.4050633, 0, 1), (0.48101267, 0, 1), (0.556962, 0, 1), (0.6329114, 0, 1), (0.70886075, 0, 1), (0.7848101, 0, 1), (0.8607595, 0, 1), (0.93670887, 0, 1), (1, 0, 0.98734176), (1, 0, 0.9113924), (1, 0, 0.835443), (1, 0, 0.75949365), (1, 0, 0.6835443), (1, 0, 0.6075949), (1, 0, 0.5316456), (1, 0, 0.4556962), (1, 0, 0.37974682), (1, 0, 0.30379745), (1, 0, 0.2278481), (1, 0, 0.15189873), (1, 0, 0.07594936), (1, 0, 0)] (
                elementSize = 80
                interpolation = "vertex"
            )
        }

        over "Volume"
        {
            color3f[] primvars:displayColor = [(1, 0, 0), (1, 0.06593407, 0), (1, 0.13186814, 0), (1, 0.1978022, 0), (1, 0.26373628, 0), (1, 0.32967034, 0), (1, 0.3956044, 0), (1, 0.46153846, 0), (1, 0.52747256, 0), (1, 0.5934066, 0), (1, 0.6593407, 0), (1, 0.72527474, 0), (1, 0.7912088, 0), (1, 0.85714287, 0), (1, 0.9230769, 0), (1, 0.989011, 0), (0.94505495, 1, 0), (0.8791209, 1, 0), (0.8131868, 1, 0), (0.74725276, 1, 0), (0.6813187, 1, 0), (0.61538464, 1, 0), (0.5494506, 1, 0), (0.48351648, 1, 0), (0.41758242, 1, 0), (0.35164836, 1, 0), (0.2857143, 1, 0), (0.21978022, 1, 0), (0.15384616, 1, 0), (0.08791209, 1, 0), (0.021978023, 1, 0), (0, 1, 0.043956045), (0, 1, 0.10989011), (0, 1, 0.17582418), (0, 1, 0.24175824), (0, 1, 0.30769232), (0, 1, 0.37362638), (0, 1, 0.43956044), (0, 1, 0.50549453), (0, 1, 0.5714286), (0, 1, 0.63736266), (0, 1, 0.7032967), (0, 1, 0.7692308), (0, 1, 0.83516484), (0, 1, 0.9010989), (0, 1, 0.96703297), (0, 0.96703297, 1), (0, 0.9010989, 1), (0, 0.83516484, 1), (0, 0.7692308, 1), (0, 0.7032967, 1), (0, 0.63736266, 1), (0, 0.5714286, 1), (0, 0.50549453, 1), (0, 0.43956044, 1), (0, 0.37362638, 1), (0, 0.30769232, 1), (0, 0.24175824, 1), (0, 0.17582418, 1), (0, 0.10989011, 1), (0, 0.043956045, 1), (0.021978023, 0, 1), (0.08791209, 0, 1), (0.15384616, 0, 1), (0.21978022, 0, 1), (0.2857143, 0, 1), (0.35164836, 0, 1), (0.41758242, 0, 1), (0.48351648, 0, 1), (0.5494506, 0, 1), (0.61538464, 0, 1), (0.6813187, 0, 1), (0.74725276, 0, 1), (0.8131868, 0, 1), (0.8791209, 0, 1), (0.94505495, 0, 1), (1, 0, 0.989011), (1, 0, 0.9230769), (1, 0, 0.85714287), (1, 0, 0.7912088), (1, 0, 0.72527474), (1, 0, 0.6593407), (1, 0, 0.5934066), (1, 0, 0.52747256), (1, 0, 0.46153846), (1, 0, 0.3956044), (1, 0, 0.32967034), (1, 0, 0.26373628), (1, 0, 0.1978022), (1, 0, 0.13186814), (1, 0, 0.06593407), (1, 0, 0)] (
                elementSize = 92
                interpolation = "vertex"
            )
        }

        over "TopBackLeft"
        {
            color3f[] primvars:displayColor = [(1, 0, 0), (1, 0.85714287, 0), (0.2857143, 1, 0), (0, 1, 0.5714286), (0, 0.5714286, 1), (0.2857143, 0, 1), (1, 0, 0.85714287), (1, 0, 0)] (
                elementSize = 8
                interpolation = "vertex"
            )
        }

        over "TopFrontLeft"
        {
            color3f[] primvars:displayColor = [(1, 0, 0), (1, 0.074074075, 0), (1, 0.14814815, 0), (1, 0.22222222, 0), (1, 0.2962963, 0), (1, 0.37037036, 0), (1, 0.44444445, 0), (1, 0.5185185, 0), (1, 0.5925926, 0), (1, 0.6666667, 0), (1, 0.7407407, 0), (1, 0.8148148, 0), (1, 0.8888889, 0), (1, 0.962963, 0), (0.962963, 1, 0), (0.8888889, 1, 0), (0.8148148, 1, 0), (0.7407407, 1, 0), (0.6666667, 1, 0), (0.5925926, 1, 0), (0.5185185, 1, 0), (0.44444445, 1, 0), (0.37037036, 1, 0), (0.2962963, 1, 0), (0.22222222, 1, 0), (0.14814815, 1, 0), (0.074074075, 1, 0), (0, 1, 0), (0, 1, 0.074074075), (0, 1, 0.14814815), (0, 1, 0.22222222), (0, 1, 0.2962963), (0, 1, 0.37037036), (0, 1, 0.44444445), (0, 1, 0.5185185), (0, 1, 0.5925926), (0, 1, 0.6666667), (0, 1, 0.7407407), (0, 1, 0.8148148), (0, 1, 0.8888889), (0, 1, 0.962963), (0, 0.962963, 1), (0, 0.8888889, 1), (0, 0.8148148, 1), (0, 0.7407407, 1), (0, 0.6666667, 1), (0, 0.5925926, 1), (0, 0.5185185, 1), (0, 0.44444445, 1), (0, 0.37037036, 1), (0, 0.2962963, 1), (0, 0.22222222, 1), (0, 0.14814815, 1), (0, 0.074074075, 1), (0, 0, 1), (0.074074075, 0, 1), (0.14814815, 0, 1), (0.22222222, 0, 1), (0.2962963, 0, 1), (0.37037036, 0, 1), (0.44444445, 0, 1), (0.5185185, 0, 1), (0.5925926, 0, 1), (0.6666667, 0, 1), (0.7407407, 0, 1), (0.8148148, 0, 1), (0.8888889, 0, 1), (0.962963, 0, 1), (1, 0, 0.962963), (1, 0, 0.8888889), (1, 0, 0.8148148), (1, 0, 0.7407407), (1, 0, 0.6666667), (1, 0, 0.5925926), (1, 0, 0.5185185), (1, 0, 0.44444445), (1, 0, 0.37037036), (1, 0, 0.2962963), (1, 0, 0.22222222), (1, 0, 0.14814815), (1, 0, 0.074074075), (1, 0, 0)] (
                elementSize = 82
                interpolation = "vertex"
            )
        }

        over "TopBackRight"
        {
            color3f[] primvars:displayColor = [(1, 0, 0), (1, 0.14634146, 0), (1, 0.29268292, 0), (1, 0.4390244, 0), (1, 0.58536583, 0), (1, 0.73170733, 0), (1, 0.8780488, 0), (0.9756098, 1, 0), (0.8292683, 1, 0), (0.68292683, 1, 0), (0.5365854, 1, 0), (0.3902439, 1, 0), (0.24390244, 1, 0), (0.09756097, 1, 0), (0, 1, 0.048780486), (0, 1, 0.19512194), (0, 1, 0.34146342), (0, 1, 0.4878049), (0, 1, 0.63414633), (0, 1, 0.7804878), (0, 1, 0.9268293), (0, 0.9268293, 1), (0, 0.7804878, 1), (0, 0.63414633, 1), (0, 0.4878049, 1), (0, 0.34146342, 1), (0, 0.19512194, 1), (0, 0.048780486, 1), (0.09756097, 0, 1), (0.24390244, 0, 1), (0.3902439, 0, 1), (0.5365854, 0, 1), (0.68292683, 0, 1), (0.8292683, 0, 1), (0.9756098, 0, 1), (1, 0, 0.8780488), (1, 0, 0.73170733), (1, 0, 0.58536583), (1, 0, 0.4390244), (1, 0, 0.29268292), (1, 0, 0.14634146), (1, 0, 0)] (
                elementSize = 42
                interpolation = "vertex"
            )
        }

        over "TopFrontRight"
        {
            color3f[] primvars:displayColor = [(1, 0, 0), (1, 0.2, 0), (1, 0.4, 0), (1, 0.6, 0), (1, 0.8, 0), (1, 1, 0), (0.8, 1, 0), (0.6, 1, 0), (0.4, 1, 0), (0.2, 1, 0), (0, 1, 0), (0, 1, 0.2), (0, 1, 0.4), (0, 1, 0.6), (0, 1, 0.8), (0, 1, 1), (0, 0.8, 1), (0, 0.6, 1), (0, 0.4, 1), (0, 0.2, 1), (0, 0, 1), (0.2, 0, 1), (0.4, 0, 1), (0.6, 0, 1), (0.8, 0, 1), (1, 0, 1), (1, 0, 0.8), (1, 0, 0.6), (1, 0, 0.4), (1, 0, 0.2), (1, 0, 0)] (
                elementSize = 31
                interpolation = "vertex"
            )
        }
    }
}

over "spectrum_faceVarying"
{
    over "Geom"
    {
        over "Ground"
        {
            color3f[] primvars:displayColor = [(1, 0, 0), (1, 0.023904383, 0), (1, 0.047808766, 0), (1, 0.07171315, 0), (1, 0.09561753, 0), (1, 0.119521916, 0), (1, 0.1434263, 0), (1, 0.16733068, 0), (1, 0.19123507, 0), (1, 0.21513945, 0), (1, 0.23904383, 0), (1, 0.26294822, 0), (1, 0.2868526, 0), (1, 0.31075698, 0), (1, 0.33466136, 0), (1, 0.35856575, 0), (1, 0.38247013, 0), (1, 0.4063745, 0), (1, 0.4302789, 0), (1, 0.45418328, 0), (1, 0.47808766, 0), (1, 0.50199205, 0), (1, 0.52589643, 0), (1, 0.5498008, 0), (1, 0.5737052, 0), (1, 0.5976096, 0), (1, 0.62151396, 0), (1, 0.64541835, 0), (1, 0.6693227, 0), (1, 0.6932271, 0), (1, 0.7171315, 0), (1, 0.7410359, 0), (1, 0.76494026, 0), (1, 0.78884465, 0), (1, 0.812749, 0), (1, 0.8366534, 0), (1, 0.8605578, 0), (1, 0.8844622, 0), (1, 0.90836656, 0), (1, 0.93227094, 0), (1, 0.9561753, 0), (1, 0.9800797, 0), (0.99601597, 1, 0), (0.9721116, 1, 0), (0.9482072, 1, 0), (0.9243028, 1, 0), (0.90039843, 1, 0), (0.87649405, 1, 0), (0.85258967, 1, 0), (0.8286853, 1, 0), (0.8047809, 1, 0), (0.7808765, 1, 0), (0.75697213, 1, 0), (0.73306775, 1, 0), (0.70916337, 1, 0), (0.685259, 1, 0), (0.6613546, 1, 0), (0.6374502, 1, 0), (0.61354584, 1, 0), (0.58964145, 1, 0), (0.56573707, 1, 0), (0.5418327, 1, 0), (0.5179283, 1, 0), (0.49402392, 1, 0), (0.47011954, 1, 0), (0.44621515, 1, 0), (0.42231077, 1, 0), (0.3984064, 1, 0), (0.374502, 1, 0), (0.35059762, 1, 0), (0.32669324, 1, 0), (0.30278885, 1, 0), (0.27888447, 1, 0), (0.2549801, 1, 0), (0.2310757, 1, 0), (0.20717132, 1, 0), (0.18326694, 1, 0), (0.15936255, 1, 0), (0.13545817, 1, 0), (0.11155379, 1, 0), (0.087649405, 1, 0), (0.06374502, 1, 0), (0.03984064, 1, 0), (0.015936255, 1, 0), (0, 1, 0.007968128), (0, 1, 0.03187251), (0, 1, 0.055776894), (0, 1, 0.07968128), (0, 1, 0.10358566), (0, 1, 0.12749004), (0, 1, 0.15139443), (0, 1, 0.17529881), (0, 1, 0.1992032), (0, 1, 0.22310758), (0, 1, 0.24701196), (0, 1, 0.27091634), (0, 1, 0.29482073), (0, 1, 0.3187251), (0, 1, 0.3426295), (0, 1, 0.36653388), (0, 1, 0.39043826), (0, 1, 0.41434264), (0, 1, 0.43824703), (0, 1, 0.4621514), (0, 1, 0.4860558), (0, 1, 0.5099602), (0, 1, 0.53386456), (0, 1, 0.55776894), (0, 1, 0.5816733), (0, 1, 0.6055777), (0, 1, 0.6294821), (0, 1, 0.6533865), (0, 1, 0.67729086), (0, 1, 0.70119524), (0, 1, 0.7250996), (0, 1, 0.749004), (0, 1, 0.7729084), (0, 1, 0.7968128), (0, 1, 0.82071716), (0, 1, 0.84462154), (0, 1, 0.8685259), (0, 1, 0.8924303), (0, 1, 0.9163347), (0, 1, 0.9402391), (0, 1, 0.96414346), (0, 1, 0.98804784), (0, 0.98804784, 1), (0, 0.96414346, 1), (0, 0.9402391, 1), (0, 0.9163347, 1), (0, 0.8924303, 1), (0, 0.8685259, 1), (0, 0.84462154, 1), (0, 0.82071716, 1), (0, 0.7968128, 1), (0, 0.7729084, 1), (0, 0.749004, 1), (0, 0.7250996, 1), (0, 0.70119524, 1), (0, 0.67729086, 1), (0, 0.6533865, 1), (0, 0.6294821, 1), (0, 0.6055777, 1), (0, 0.5816733, 1), (0, 0.55776894, 1), (0, 0.53386456, 1), (0, 0.5099602, 1), (0, 0.4860558, 1), (0, 0.4621514, 1), (0, 0.43824703, 1), (0, 0.41434264, 1), (0, 0.39043826, 1), (0, 0.36653388, 1), (0, 0.3426295, 1), (0, 0.3187251, 1), (0, 0.29482073, 1), (0, 0.27091634, 1), (0, 0.24701196, 1), (0, 0.22310758, 1), (0, 0.1992032, 1), (0, 0.17529881, 1), (0, 0.15139443, 1), (0, 0.12749004, 1), (0, 0.10358566, 1), (0, 0.07968128, 1), (0, 0.055776894, 1), (0, 0.03187251, 1), (0, 0.007968128, 1), (0.015936255, 0, 1), (0.03984064, 0, 1), (0.06374502, 0, 1), (0.087649405, 0, 1), (0.11155379, 0, 1), (0.13545817, 0, 1), (0.15936255, 0, 1), (0.18326694, 0, 1), (0.20717132, 0, 1), (0.2310757, 0, 1), (0.2549801, 0, 1), (0.27888447, 0, 1), (0.30278885, 0, 1), (0.32669324, 0, 1), (0.35059762, 0, 1), (0.374502, 0, 1), (0.3984064, 0, 1), (0.42231077, 0, 1), (0.44621515, 0, 1), (0.47011954, 0, 1), (0.49402392, 0, 1), (0.5179283, 0, 1), (0.5418327, 0, 1), (0.56573707, 0, 1), (0.58964145, 0, 1), (0.61354584, 0, 1), (0.6374502, 0, 1), (0.6613546, 0, 1), (0.685259, 0, 1), (0.70916337, 0, 1), (0.73306775, 0, 1), (0.75697213, 0, 1), (0.7808765, 0, 1), (0.8047809, 0, 1), (0.8286853, 0, 1), (0.85258967, 0, 1), (0.87649405, 0, 1), (0.90039843, 0, 1), (0.9243028, 0, 1), (0.9482072, 0, 1), (0.9721116, 0, 1), (0.99601597, 0, 1), (1, 0, 0.9800797), (1, 0, 0.9561753), (1, 0, 0.93227094), (1, 0, 0.90836656), (1, 0, 0.8844622), (1, 0, 0.8605578), (1, 0, 0.8366534), (1, 0, 0.812749), (1, 0, 0.78884465), (1, 0, 0.76494026), (1, 0, 0.7410359), (1, 0, 0.7171315), (1, 0, 0.6932271), (1, 0, 0.6693227), (1, 0, 0.64541835), (1, 0, 0.62151396), (1, 0, 0.5976096), (1, 0, 0.5737052), (1, 0, 0.5498008), (1, 0, 0.52589643), (1, 0, 0.50199205), (1, 0, 0.47808766), (1, 0, 0.45418328), (1, 0, 0.4302789), (1, 0, 0.4063745), (1, 0, 0.38247013), (1, 0, 0.35856575), (1, 0, 0.33466136), (1, 0, 0.31075698), (1, 0, 0.2868526), (1, 0, 0.26294822), (1, 0, 0.23904383), (1, 0, 0.21513945), (1, 0, 0.19123507), (1, 0, 0.16733068), (1, 0, 0.1434263), (1, 0, 0.119521916), (1, 0, 0.09561753), (1, 0, 0.07171315), (1, 0, 0.047808766), (1, 0, 0.023904383), (1, 0, 0)] (
                elementSize = 252
                interpolation = "faceVarying"
            )
        }

        over "Volume"
        {
            color3f[] primvars:displayColor = [(1, 0, 0), (1, 0.015831135, 0), (1, 0.03166227, 0), (1, 0.047493402, 0), (1, 0.06332454, 0), (1, 0.079155676, 0), (1, 0.094986804, 0), (1, 0.11081794, 0), (1, 0.12664908, 0), (1, 0.14248021, 0), (1, 0.15831135, 0), (1, 0.17414248, 0), (1, 0.18997361, 0), (1, 0.20580475, 0), (1, 0.22163588, 0), (1, 0.23746702, 0), (1, 0.25329816, 0), (1, 0.26912928, 0), (1, 0.28496042, 0), (1, 0.30079156, 0), (1, 0.3166227, 0), (1, 0.33245382, 0), (1, 0.34828496, 0), (1, 0.3641161, 0), (1, 0.37994722, 0), (1, 0.39577836, 0), (1, 0.4116095, 0), (1, 0.42744064, 0), (1, 0.44327176, 0), (1, 0.4591029, 0), (1, 0.47493404, 0), (1, 0.49076518, 0), (1, 0.5065963, 0), (1, 0.52242744, 0), (1, 0.53825855, 0), (1, 0.5540897, 0), (1, 0.56992084, 0), (1, 0.58575195, 0), (1, 0.6015831, 0), (1, 0.61741424, 0), (1, 0.6332454, 0), (1, 0.6490765, 0), (1, 0.66490763, 0), (1, 0.6807388, 0), (1, 0.6965699, 0), (1, 0.71240103, 0), (1, 0.7282322, 0), (1, 0.7440633, 0), (1, 0.75989443, 0), (1, 0.7757256, 0), (1, 0.7915567, 0), (1, 0.8073879, 0), (1, 0.823219, 0), (1, 0.8390501, 0), (1, 0.8548813, 0), (1, 0.8707124, 0), (1, 0.8865435, 0), (1, 0.9023747, 0), (1, 0.9182058, 0), (1, 0.9340369, 0), (1, 0.9498681, 0), (1, 0.9656992, 0), (1, 0.98153037, 0), (1, 0.9973615, 0), (0.9868074, 1, 0), (0.97097623, 1, 0), (0.9551451, 1, 0), (0.939314, 1, 0), (0.92348284, 1, 0), (0.9076517, 1, 0), (0.8918206, 1, 0), (0.87598944, 1, 0), (0.8601583, 1, 0), (0.84432715, 1, 0), (0.82849604, 1, 0), (0.8126649, 1, 0), (0.79683375, 1, 0), (0.78100264, 1, 0), (0.7651715, 1, 0), (0.74934036, 1, 0), (0.73350924, 1, 0), (0.7176781, 1, 0), (0.70184696, 1, 0), (0.68601584, 1, 0), (0.6701847, 1, 0), (0.65435356, 1, 0), (0.63852245, 1, 0), (0.6226913, 1, 0), (0.60686016, 1, 0), (0.59102905, 1, 0), (0.5751979, 1, 0), (0.55936676, 1, 0), (0.54353565, 1, 0), (0.5277045, 1, 0), (0.51187336, 1, 0), (0.49604222, 1, 0), (0.48021108, 1, 0), (0.46437994, 1, 0), (0.44854882, 1, 0), (0.43271768, 1, 0), (0.41688654, 1, 0), (0.4010554, 1, 0), (0.38522428, 1, 0), (0.36939314, 1, 0), (0.353562, 1, 0), (0.33773088, 1, 0), (0.32189974, 1, 0), (0.3060686, 1, 0), (0.29023746, 1, 0), (0.27440634, 1, 0), (0.2585752, 1, 0), (0.24274406, 1, 0), (0.22691293, 1, 0), (0.21108179, 1, 0), (0.19525066, 1, 0), (0.17941953, 1, 0), (0.16358839, 1, 0), (0.14775726, 1, 0), (0.13192612, 1, 0), (0.116094984, 1, 0), (0.10026385, 1, 0), (0.08443272, 1, 0), (0.068601586, 1, 0), (0.052770447, 1, 0), (0.036939315, 1, 0), (0.02110818, 1, 0), (0.005277045, 1, 0), (0, 1, 0.01055409), (0, 1, 0.026385223), (0, 1, 0.04221636), (0, 1, 0.058047492), (0, 1, 0.07387863), (0, 1, 0.089709766), (0, 1, 0.105540894), (0, 1, 0.12137203), (0, 1, 0.13720317), (0, 1, 0.1530343), (0, 1, 0.16886544), (0, 1, 0.18469657), (0, 1, 0.2005277), (0, 1, 0.21635884), (0, 1, 0.23218997), (0, 1, 0.24802111), (0, 1, 0.26385224), (0, 1, 0.27968338), (0, 1, 0.29551452), (0, 1, 0.31134564), (0, 1, 0.32717678), (0, 1, 0.34300792), (0, 1, 0.35883906), (0, 1, 0.37467018), (0, 1, 0.39050132), (0, 1, 0.40633246), (0, 1, 0.42216358), (0, 1, 0.43799472), (0, 1, 0.45382586), (0, 1, 0.469657), (0, 1, 0.48548812), (0, 1, 0.5013193), (0, 1, 0.5171504), (0, 1, 0.5329815), (0, 1, 0.5488127), (0, 1, 0.5646438), (0, 1, 0.5804749), (0, 1, 0.5963061), (0, 1, 0.6121372), (0, 1, 0.6279683), (0, 1, 0.6437995), (0, 1, 0.6596306), (0, 1, 0.67546177), (0, 1, 0.6912929), (0, 1, 0.707124), (0, 1, 0.72295517), (0, 1, 0.7387863), (0, 1, 0.7546174), (0, 1, 0.77044857), (0, 1, 0.7862797), (0, 1, 0.8021108), (0, 1, 0.81794196), (0, 1, 0.8337731), (0, 1, 0.84960425), (0, 1, 0.86543536), (0, 1, 0.8812665), (0, 1, 0.89709765), (0, 1, 0.91292876), (0, 1, 0.9287599), (0, 1, 0.94459105), (0, 1, 0.96042216), (0, 1, 0.9762533), (0, 1, 0.99208444), (0, 0.99208444, 1), (0, 0.9762533, 1), (0, 0.96042216, 1), (0, 0.94459105, 1), (0, 0.9287599, 1), (0, 0.91292876, 1), (0, 0.89709765, 1), (0, 0.8812665, 1), (0, 0.86543536, 1), (0, 0.84960425, 1), (0, 0.8337731, 1), (0, 0.81794196, 1), (0, 0.8021108, 1), (0, 0.7862797, 1), (0, 0.77044857, 1), (0, 0.7546174, 1), (0, 0.7387863, 1), (0, 0.72295517, 1), (0, 0.707124, 1), (0, 0.6912929, 1), (0, 0.67546177, 1), (0, 0.6596306, 1), (0, 0.6437995, 1), (0, 0.6279683, 1), (0, 0.6121372, 1), (0, 0.5963061, 1), (0, 0.5804749, 1), (0, 0.5646438, 1), (0, 0.5488127, 1), (0, 0.5329815, 1), (0, 0.5171504, 1), (0, 0.5013193, 1), (0, 0.48548812, 1), (0, 0.469657, 1), (0, 0.45382586, 1), (0, 0.43799472, 1), (0, 0.42216358, 1), (0, 0.40633246, 1), (0, 0.39050132, 1), (0, 0.37467018, 1), (0, 0.35883906, 1), (0, 0.34300792, 1), (0, 0.32717678, 1), (0, 0.31134564, 1), (0, 0.29551452, 1), (0, 0.27968338, 1), (0, 0.26385224, 1), (0, 0.24802111, 1), (0, 0.23218997, 1), (0, 0.21635884, 1), (0, 0.2005277, 1), (0, 0.18469657, 1), (0, 0.16886544, 1), (0, 0.1530343, 1), (0, 0.13720317, 1), (0, 0.12137203, 1), (0, 0.105540894, 1), (0, 0.089709766, 1), (0, 0.07387863, 1), (0, 0.058047492, 1), (0, 0.04221636, 1), (0, 0.026385223, 1), (0, 0.01055409, 1), (0.005277045, 0, 1), (0.02110818, 0, 1), (0.036939315, 0, 1), (0.052770447, 0, 1), (0.068601586, 0, 1), (0.08443272, 0, 1), (0.10026385, 0, 1), (0.116094984, 0, 1), (0.13192612, 0, 1), (0.14775726, 0, 1), (0.16358839, 0, 1), (0.17941953, 0, 1), (0.19525066, 0, 1), (0.21108179, 0, 1), (0.22691293, 0, 1), (0.24274406, 0, 1), (0.2585752, 0, 1), (0.27440634, 0, 1), (0.29023746, 0, 1), (0.3060686, 0, 1), (0.32189974, 0, 1), (0.33773088, 0, 1), (0.353562, 0, 1), (0.36939314, 0, 1), (0.38522428, 0, 1), (0.4010554, 0, 1), (0.41688654, 0, 1), (0.43271768, 0, 1), (0.44854882, 0, 1), (0.46437994, 0, 1), (0.48021108, 0, 1), (0.49604222, 0, 1), (0.51187336, 0, 1), (0.5277045, 0, 1), (0.54353565, 0, 1), (0.55936676, 0, 1), (0.5751979, 0, 1), (0.59102905, 0, 1), (0.60686016, 0, 1), (0.6226913, 0, 1), (0.63852245, 0, 1), (0.65435356, 0, 1), (0.6701847, 0, 1), (0.68601584, 0, 1), (0.70184696, 0, 1), (0.7176781, 0, 1), (0.73350924, 0, 1), (0.74934036, 0, 1), (0.7651715, 0, 1), (0.78100264, 0, 1), (0.79683375, 0, 1), (0.8126649, 0, 1), (0.82849604, 0, 1), (0.84432715, 0, 1), (0.8601583, 0, 1), (0.87598944, 0, 1), (0.8918206, 0, 1), (0.9076517, 0, 1), (0.92348284, 0, 1), (0.939314, 0, 1), (0.9551451, 0, 1), (0.97097623, 0, 1), (0.9868074, 0, 1), (1, 0, 0.9973615), (1, 0, 0.98153037), (1, 0, 0.9656992), (1, 0, 0.9498681), (1, 0, 0.9340369), (1, 0, 0.9182058), (1, 0, 0.9023747), (1, 0, 0.8865435), (1, 0, 0.8707124), (1, 0, 0.8548813), (1, 0, 0.8390501), (1, 0, 0.823219), (1, 0, 0.8073879), (1, 0, 0.7915567), (1, 0, 0.7757256), (1, 0, 0.75989443), (1, 0, 0.7440633), (1, 0, 0.7282322), (1, 0, 0.71240103), (1, 0, 0.6965699), (1, 0, 0.6807388), (1, 0, 0.66490763), (1, 0, 0.6490765), (1, 0, 0.6332454), (1, 0, 0.61741424), (1, 0, 0.6015831), (1, 0, 0.58575195), (1, 0, 0.56992084), (1, 0, 0.5540897), (1, 0, 0.53825855), (1, 0, 0.52242744), (1, 0, 0.5065963), (1, 0, 0.49076518), (1, 0, 0.47493404), (1, 0, 0.4591029), (1, 0, 0.44327176), (1, 0, 0.42744064), (1, 0, 0.4116095), (1, 0, 0.39577836), (1, 0, 0.37994722), (1, 0, 0.3641161), (1, 0, 0.34828496), (1, 0, 0.33245382), (1, 0, 0.3166227), (1, 0, 0.30079156), (1, 0, 0.28496042), (1, 0, 0.26912928), (1, 0, 0.25329816), (1, 0, 0.23746702), (1, 0, 0.22163588), (1, 0, 0.20580475), (1, 0, 0.18997361), (1, 0, 0.17414248), (1, 0, 0.15831135), (1, 0, 0.14248021), (1, 0, 0.12664908), (1, 0, 0.11081794), (1, 0, 0.094986804), (1, 0, 0.079155676), (1, 0, 0.06332454), (1, 0, 0.047493402), (1, 0, 0.03166227), (1, 0, 0.015831135), (1, 0, 0)] (
                elementSize = 380
                interpolation = "faceVarying"
            )
        }

        over "TopBackLeft"
        {
            color3f[] primvars:displayColor = [(1, 0, 0), (1, 0.26086956, 0), (1, 0.5217391, 0), (1, 0.7826087, 0), (0.95652175, 1, 0), (0.6956522, 1, 0), (0.4347826, 1, 0), (0.17391305, 1, 0), (0, 1, 0.08695652), (0, 1, 0.3478261), (0, 1, 0.6086956), (0, 1, 0.8695652), (0, 0.8695652, 1), (0, 0.6086956, 1), (0, 0.3478261, 1), (0, 0.08695652, 1), (0.17391305, 0, 1), (0.4347826, 0, 1), (0.6956522, 0, 1), (0.95652175, 0, 1), (1, 0, 0.7826087), (1, 0, 0.5217391), (1, 0, 0.26086956), (1, 0, 0)] (
                elementSize = 24
                interpolation = "faceVarying"
            )
        }

        over "TopFrontLeft"
        {
            color3f[] primvars:displayColor = [(1, 0, 0), (1, 0.017699115, 0), (1, 0.03539823, 0), (1, 0.053097345, 0), (1, 0.07079646, 0), (1, 0.088495575, 0), (1, 0.10619469, 0), (1, 0.123893805, 0), (1, 0.14159292, 0), (1, 0.15929204, 0), (1, 0.17699115, 0), (1, 0.19469027, 0), (1, 0.21238938, 0), (1, 0.2300885, 0), (1, 0.24778761, 0), (1, 0.26548672, 0), (1, 0.28318584, 0), (1, 0.30088496, 0), (1, 0.31858408, 0), (1, 0.33628318, 0), (1, 0.3539823, 0), (1, 0.37168142, 0), (1, 0.38938054, 0), (1, 0.40707964, 0), (1, 0.42477876, 0), (1, 0.44247788, 0), (1, 0.460177, 0), (1, 0.4778761, 0), (1, 0.49557522, 0), (1, 0.5132743, 0), (1, 0.53097343, 0), (1, 0.54867256, 0), (1, 0.5663717, 0), (1, 0.5840708, 0), (1, 0.6017699, 0), (1, 0.61946905, 0), (1, 0.63716817, 0), (1, 0.65486723, 0), (1, 0.67256635, 0), (1, 0.6902655, 0), (1, 0.7079646, 0), (1, 0.7256637, 0), (1, 0.74336284, 0), (1, 0.76106197, 0), (1, 0.7787611, 0), (1, 0.79646015, 0), (1, 0.8141593, 0), (1, 0.8318584, 0), (1, 0.8495575, 0), (1, 0.86725664, 0), (1, 0.88495576, 0), (1, 0.9026549, 0), (1, 0.920354, 0), (1, 0.9380531, 0), (1, 0.9557522, 0), (1, 0.9734513, 0), (1, 0.99115044, 0), (0.99115044, 1, 0), (0.9734513, 1, 0), (0.9557522, 1, 0), (0.9380531, 1, 0), (0.920354, 1, 0), (0.9026549, 1, 0), (0.88495576, 1, 0), (0.86725664, 1, 0), (0.8495575, 1, 0), (0.8318584, 1, 0), (0.8141593, 1, 0), (0.79646015, 1, 0), (0.7787611, 1, 0), (0.76106197, 1, 0), (0.74336284, 1, 0), (0.7256637, 1, 0), (0.7079646, 1, 0), (0.6902655, 1, 0), (0.67256635, 1, 0), (0.65486723, 1, 0), (0.63716817, 1, 0), (0.61946905, 1, 0), (0.6017699, 1, 0), (0.5840708, 1, 0), (0.5663717, 1, 0), (0.54867256, 1, 0), (0.53097343, 1, 0), (0.5132743, 1, 0), (0.49557522, 1, 0), (0.4778761, 1, 0), (0.460177, 1, 0), (0.44247788, 1, 0), (0.42477876, 1, 0), (0.40707964, 1, 0), (0.38938054, 1, 0), (0.37168142, 1, 0), (0.3539823, 1, 0), (0.33628318, 1, 0), (0.31858408, 1, 0), (0.30088496, 1, 0), (0.28318584, 1, 0), (0.26548672, 1, 0), (0.24778761, 1, 0), (0.2300885, 1, 0), (0.21238938, 1, 0), (0.19469027, 1, 0), (0.17699115, 1, 0), (0.15929204, 1, 0), (0.14159292, 1, 0), (0.123893805, 1, 0), (0.10619469, 1, 0), (0.088495575, 1, 0), (0.07079646, 1, 0), (0.053097345, 1, 0), (0.03539823, 1, 0), (0.017699115, 1, 0), (0, 1, 0), (0, 1, 0.017699115), (0, 1, 0.03539823), (0, 1, 0.053097345), (0, 1, 0.07079646), (0, 1, 0.088495575), (0, 1, 0.10619469), (0, 1, 0.123893805), (0, 1, 0.14159292), (0, 1, 0.15929204), (0, 1, 0.17699115), (0, 1, 0.19469027), (0, 1, 0.21238938), (0, 1, 0.2300885), (0, 1, 0.24778761), (0, 1, 0.26548672), (0, 1, 0.28318584), (0, 1, 0.30088496), (0, 1, 0.31858408), (0, 1, 0.33628318), (0, 1, 0.3539823), (0, 1, 0.37168142), (0, 1, 0.38938054), (0, 1, 0.40707964), (0, 1, 0.42477876), (0, 1, 0.44247788), (0, 1, 0.460177), (0, 1, 0.4778761), (0, 1, 0.49557522), (0, 1, 0.5132743), (0, 1, 0.53097343), (0, 1, 0.54867256), (0, 1, 0.5663717), (0, 1, 0.5840708), (0, 1, 0.6017699), (0, 1, 0.61946905), (0, 1, 0.63716817), (0, 1, 0.65486723), (0, 1, 0.67256635), (0, 1, 0.6902655), (0, 1, 0.7079646), (0, 1, 0.7256637), (0, 1, 0.74336284), (0, 1, 0.76106197), (0, 1, 0.7787611), (0, 1, 0.79646015), (0, 1, 0.8141593), (0, 1, 0.8318584), (0, 1, 0.8495575), (0, 1, 0.86725664), (0, 1, 0.88495576), (0, 1, 0.9026549), (0, 1, 0.920354), (0, 1, 0.9380531), (0, 1, 0.9557522), (0, 1, 0.9734513), (0, 1, 0.99115044), (0, 0.99115044, 1), (0, 0.9734513, 1), (0, 0.9557522, 1), (0, 0.9380531, 1), (0, 0.920354, 1), (0, 0.9026549, 1), (0, 0.88495576, 1), (0, 0.86725664, 1), (0, 0.8495575, 1), (0, 0.8318584, 1), (0, 0.8141593, 1), (0, 0.79646015, 1), (0, 0.7787611, 1), (0, 0.76106197, 1), (0, 0.74336284, 1), (0, 0.7256637, 1), (0, 0.7079646, 1), (0, 0.6902655, 1), (0, 0.67256635, 1), (0, 0.65486723, 1), (0, 0.63716817, 1), (0, 0.61946905, 1), (0, 0.6017699, 1), (0, 0.5840708, 1), (0, 0.5663717, 1), (0, 0.54867256, 1), (0, 0.53097343, 1), (0, 0.5132743, 1), (0, 0.49557522, 1), (0, 0.4778761, 1), (0, 0.460177, 1), (0, 0.44247788, 1), (0, 0.42477876, 1), (0, 0.40707964, 1), (0, 0.38938054, 1), (0, 0.37168142, 1), (0, 0.3539823, 1), (0, 0.33628318, 1), (0, 0.31858408, 1), (0, 0.30088496, 1), (0, 0.28318584, 1), (0, 0.26548672, 1), (0, 0.24778761, 1), (0, 0.2300885, 1), (0, 0.21238938, 1), (0, 0.19469027, 1), (0, 0.17699115, 1), (0, 0.15929204, 1), (0, 0.14159292, 1), (0, 0.123893805, 1), (0, 0.10619469, 1), (0, 0.088495575, 1), (0, 0.07079646, 1), (0, 0.053097345, 1), (0, 0.03539823, 1), (0, 0.017699115, 1), (0, 0, 1), (0.017699115, 0, 1), (0.03539823, 0, 1), (0.053097345, 0, 1), (0.07079646, 0, 1), (0.088495575, 0, 1), (0.10619469, 0, 1), (0.123893805, 0, 1), (0.14159292, 0, 1), (0.15929204, 0, 1), (0.17699115, 0, 1), (0.19469027, 0, 1), (0.21238938, 0, 1), (0.2300885, 0, 1), (0.24778761, 0, 1), (0.26548672, 0, 1), (0.28318584, 0, 1), (0.30088496, 0, 1), (0.31858408, 0, 1), (0.33628318, 0, 1), (0.3539823, 0, 1), (0.37168142, 0, 1), (0.38938054, 0, 1), (0.40707964, 0, 1), (0.42477876, 0, 1), (0.44247788, 0, 1), (0.460177, 0, 1), (0.4778761, 0, 1), (0.49557522, 0, 1), (0.5132743, 0, 1), (0.53097343, 0, 1), (0.54867256, 0, 1), (0.5663717, 0, 1), (0.5840708, 0, 1), (0.6017699, 0, 1), (0.61946905, 0, 1), (0.63716817, 0, 1), (0.65486723, 0, 1), (0.67256635, 0, 1), (0.6902655, 0, 1), (0.7079646, 0, 1), (0.7256637, 0, 1), (0.74336284, 0, 1), (0.76106197, 0, 1), (0.7787611, 0, 1), (0.79646015, 0, 1), (0.8141593, 0, 1), (0.8318584, 0, 1), (0.8495575, 0, 1), (0.86725664, 0, 1), (0.88495576, 0, 1), (0.9026549, 0, 1), (0.920354, 0, 1), (0.9380531, 0, 1), (0.9557522, 0, 1), (0.9734513, 0, 1), (0.99115044, 0, 1), (1, 0, 0.99115044), (1, 0, 0.9734513), (1, 0, 0.9557522), (1, 0, 0.9380531), (1, 0, 0.920354), (1, 0, 0.9026549), (1, 0, 0.88495576), (1, 0, 0.86725664), (1, 0, 0.8495575), (1, 0, 0.8318584), (1, 0, 0.8141593), (1, 0, 0.79646015), (1, 0, 0.7787611), (1, 0, 0.76106197), (1, 0, 0.74336284), (1, 0, 0.7256637), (1, 0, 0.7079646), (1, 0, 0.6902655), (1, 0, 0.67256635), (1, 0, 0.65486723), (1, 0, 0.63716817), (1, 0, 0.61946905), (1, 0, 0.6017699), (1, 0, 0.5840708), (1, 0, 0.5663717), (1, 0, 0.54867256), (1, 0, 0.53097343), (1, 0, 0.5132743), (1, 0, 0.49557522), (1, 0, 0.4778761), (1, 0, 0.460177), (1, 0, 0.44247788), (1, 0, 0.42477876), (1, 0, 0.40707964), (1, 0, 0.38938054), (1, 0, 0.37168142), (1, 0, 0.3539823), (1, 0, 0.33628318), (1, 0, 0.31858408), (1, 0, 0.30088496), (1, 0, 0.28318584), (1, 0, 0.26548672), (1, 0, 0.24778761), (1, 0, 0.2300885), (1, 0, 0.21238938), (1, 0, 0.19469027), (1, 0, 0.17699115), (1, 0, 0.15929204), (1, 0, 0.14159292), (1, 0, 0.123893805), (1, 0, 0.10619469), (1, 0, 0.088495575), (1, 0, 0.07079646), (1, 0, 0.053097345), (1, 0, 0.03539823), (1, 0, 0.017699115), (1, 0, 0)] (
                elementSize = 340
                interpolation = "faceVarying"
            )
        }

        over "TopBackRight"
        {
            color3f[] primvars:displayColor = [(1, 0, 0), (1, 0.060606062, 0), (1, 0.121212125, 0), (1, 0.18181819, 0), (1, 0.24242425, 0), (1, 0.3030303, 0), (1, 0.36363637, 0), (1, 0.42424244, 0), (1, 0.4848485, 0), (1, 0.54545456, 0), (1, 0.6060606, 0), (1, 0.6666667, 0), (1, 0.72727275, 0), (1, 0.7878788, 0), (1, 0.8484849, 0), (1, 0.90909094, 0), (1, 0.969697, 0), (0.969697, 1, 0), (0.90909094, 1, 0), (0.8484849, 1, 0), (0.7878788, 1, 0), (0.72727275, 1, 0), (0.6666667, 1, 0), (0.6060606, 1, 0), (0.54545456, 1, 0), (0.4848485, 1, 0), (0.42424244, 1, 0), (0.36363637, 1, 0), (0.3030303, 1, 0), (0.24242425, 1, 0), (0.18181819, 1, 0), (0.121212125, 1, 0), (0.060606062, 1, 0), (0, 1, 0), (0, 1, 0.060606062), (0, 1, 0.121212125), (0, 1, 0.18181819), (0, 1, 0.24242425), (0, 1, 0.3030303), (0, 1, 0.36363637), (0, 1, 0.42424244), (0, 1, 0.4848485), (0, 1, 0.54545456), (0, 1, 0.6060606), (0, 1, 0.6666667), (0, 1, 0.72727275), (0, 1, 0.7878788), (0, 1, 0.8484849), (0, 1, 0.90909094), (0, 1, 0.969697), (0, 0.969697, 1), (0, 0.90909094, 1), (0, 0.8484849, 1), (0, 0.7878788, 1), (0, 0.72727275, 1), (0, 0.6666667, 1), (0, 0.6060606, 1), (0, 0.54545456, 1), (0, 0.4848485, 1), (0, 0.42424244, 1), (0, 0.36363637, 1), (0, 0.3030303, 1), (0, 0.24242425, 1), (0, 0.18181819, 1), (0, 0.121212125, 1), (0, 0.060606062, 1), (0, 0, 1), (0.060606062, 0, 1), (0.121212125, 0, 1), (0.18181819, 0, 1), (0.24242425, 0, 1), (0.3030303, 0, 1), (0.36363637, 0, 1), (0.42424244, 0, 1), (0.4848485, 0, 1), (0.54545456, 0, 1), (0.6060606, 0, 1), (0.6666667, 0, 1), (0.72727275, 0, 1), (0.7878788, 0, 1), (0.8484849, 0, 1), (0.90909094, 0, 1), (0.969697, 0, 1), (1, 0, 0.969697), (1, 0, 0.90909094), (1, 0, 0.8484849), (1, 0, 0.7878788), (1, 0, 0.72727275), (1, 0, 0.6666667), (1, 0, 0.6060606), (1, 0, 0.54545456), (1, 0, 0.4848485), (1, 0, 0.42424244), (1, 0, 0.36363637), (1, 0, 0.3030303), (1, 0, 0.24242425), (1, 0, 0.18181819), (1, 0, 0.121212125), (1, 0, 0.060606062), (1, 0, 0)] (
                elementSize = 100
                interpolation = "faceVarying"
            )
        }

        over "TopFrontRight"
        {
            color3f[] primvars:displayColor = [(1, 0, 0), (1, 0.08695652, 0), (1, 0.17391305, 0), (1, 0.26086956, 0), (1, 0.3478261, 0), (1, 0.4347826, 0), (1, 0.5217391, 0), (1, 0.6086956, 0), (1, 0.6956522, 0), (1, 0.7826087, 0), (1, 0.8695652, 0), (1, 0.95652175, 0), (0.95652175, 1, 0), (0.8695652, 1, 0), (0.7826087, 1, 0), (0.6956522, 1, 0), (0.6086956, 1, 0), (0.5217391, 1, 0), (0.4347826, 1, 0), (0.3478261, 1, 0), (0.26086956, 1, 0), (0.17391305, 1, 0), (0.08695652, 1, 0), (0, 1, 0), (0, 1, 0.08695652), (0, 1, 0.17391305), (0, 1, 0.26086956), (0, 1, 0.3478261), (0, 1, 0.4347826), (0, 1, 0.5217391), (0, 1, 0.6086956), (0, 1, 0.6956522), (0, 1, 0.7826087), (0, 1, 0.8695652), (0, 1, 0.95652175), (0, 0.95652175, 1), (0, 0.8695652, 1), (0, 0.7826087, 1), (0, 0.6956522, 1), (0, 0.6086956, 1), (0, 0.5217391, 1), (0, 0.4347826, 1), (0, 0.3478261, 1), (0, 0.26086956, 1), (0, 0.17391305, 1), (0, 0.08695652, 1), (0, 0, 1), (0.08695652, 0, 1), (0.17391305, 0, 1), (0.26086956, 0, 1), (0.3478261, 0, 1), (0.4347826, 0, 1), (0.5217391, 0, 1), (0.6086956, 0, 1), (0.6956522, 0, 1), (0.7826087, 0, 1), (0.8695652, 0, 1), (0.95652175, 0, 1), (1, 0, 0.95652175), (1, 0, 0.8695652), (1, 0, 0.7826087), (1, 0, 0.6956522), (1, 0, 0.6086956), (1, 0, 0.5217391), (1, 0, 0.4347826), (1, 0, 0.3478261), (1, 0, 0.26086956), (1, 0, 0.17391305), (1, 0, 0.08695652), (1, 0, 0)] (
                elementSize = 70
                interpolation = "faceVarying"
            )
        }
    }
}

